event_id,sequence,event_time,schema_version,symbol,price,volume
ec6b8a4e-2acb-4d3e-a6ea-f37cd3f00e9b,1,2026-09-30T19:35:53.380241+00:00,market.trade/v1,CYDE,184.35,5000
6f861854-bd34-4f41-aa04-11b251022a35,2,2026-09-30T19:45:35.300121+00:00,market.trade/v1,IKOR,327.40,500
1c251360-1215-4148-9d8e-01d19e402245,3,2026-09-30T19:45:35.307715+00:00,market.trade/v1,CYDE,184.50,300
4129ba8a-6051-426a-8609-68aa53587cd7,4,2026-09-30T19:45:35.314255+00:00,market.trade/v1,RBN,241.44,700
30550163-ef8a-4c00-af6c-b0825298207e,5,2026-09-30T19:45:35.322354+00:00,market.trade/v1,IKOR,327.51,700
45c3b6d2-1c65-469f-8c63-8b9f7faf351f,6,2026-09-30T19:45:35.825125+00:00,market.trade/v1,RELL,92.42,300
d9d06ebb-7d1e-4127-bbe2-e5367231fc06,7,2026-09-30T19:45:36.341727+00:00,market.trade/v1,RBN,241.02,100
5e2eadd6-f9df-4da3-a075-8e41b88498a0,8,2026-09-30T19:50:57.422781+00:00,market.trade/v1,CYDE,184.14,1000
550cbd36-f6fa-43b5-8133-21ced072d23e,9,2026-09-30T19:50:57.926095+00:00,market.trade/v1,IKOR,327.32,1000
4f801674-9be2-449d-9f1e-cea75cf1af28,10,2026-09-30T19:50:58.430223+00:00,market.trade/v1,IKOR,327.21,700
a1d08d96-b373-4bcd-95de-cfb2652232c0,11,2026-09-30T19:50:58.947441+00:00,market.trade/v1,RELL,92.49,1000
4dbafe40-72ee-4ff4-9d89-54ad9ac1cbfe,12,2026-09-30T19:50:59.451430+00:00,market.trade/v1,UIM,46.81,2000
f83d4659-5659-4379-a569-5e08ac76d384,13,2026-09-30T19:50:59.962580+00:00,market.trade/v1,UIM,46.87,100
94e93c11-2865-4e55-89cf-f9520d64cd66,14,2026-09-30T19:51:00.477453+00:00,market.trade/v1,RELL,92.56,200
cafff75f-a4e8-4ca2-9648-a6e0c7bf06a9,15,2026-09-30T19:51:00.992148+00:00,market.trade/v1,RBN,241.02,2000
09fa5fb4-2a04-4ab6-861c-1801fbc73af4,16,2026-09-30T19:51:01.508459+00:00,market.trade/v1,RBN,240.77,300
1569d48f-d136-4b9d-a571-b224a2d62ed5,17,2026-09-30T19:51:02.022044+00:00,market.trade/v1,IKOR,327.49,1000
40636d8a-0791-4acd-a3cf-f3c25b2ad55a,18,2026-09-30T19:51:02.536867+00:00,market.trade/v1,UIM,46.84,2000
37c34373-d67e-4b85-823e-0467c0d8e10d,19,2026-09-30T19:51:03.052252+00:00,market.trade/v1,RBN,241.10,200
e971f9f8-fb0b-4745-8353-62a18ff910e9,20,2026-09-30T19:51:03.567426+00:00,market.trade/v1,RELL,92.45,5000
bef98782-ebc3-4ec2-afa1-9317b49b9bcc,21,2026-09-30T19:51:04.084215+00:00,market.trade/v1,IKOR,327.14,2000
30f50234-13d3-4428-bedb-1d28b78e7c15,22,2026-09-30T19:51:04.587386+00:00,market.trade/v1,UIM,46.88,700
2ca642d0-51dd-45b3-afe2-da334db5f580,23,2026-09-30T19:51:05.102907+00:00,market.trade/v1,RELL,92.38,200
7767e1e7-9cea-4ebe-9e73-58ce2e82ad37,24,2026-09-30T19:51:05.620923+00:00,market.trade/v1,RELL,92.40,5000
022c815b-cabc-44ff-ad68-5d0cc40a092a,25,2026-09-30T19:51:06.123987+00:00,market.trade/v1,CYDE,184.40,700
619a49da-ca9f-48bc-a54e-0fb6f0756eef,26,2026-09-30T19:51:06.628684+00:00,market.trade/v1,RELL,92.30,5000
f09bb242-ecd9-4222-bcfb-f629b1937cef,27,2026-09-30T19:51:07.133549+00:00,market.trade/v1,IKOR,327.26,700
bb4c5d5b-cd87-4d75-b04f-07e6cff95152,28,2026-09-30T19:51:07.637476+00:00,market.trade/v1,CYDE,184.53,5000
95a2f951-0c0a-4bc9-99a8-12da67665517,29,2026-09-30T19:51:08.151813+00:00,market.trade/v1,UIM,46.93,2000
b3fbcabd-c4b9-4e8e-99b4-78f860bf4f0c,30,2026-09-30T19:51:08.656360+00:00,market.trade/v1,RBN,241.43,500
913bc5a9-9bef-4bae-aca2-b991567e17cf,31,2026-09-30T19:51:09.172546+00:00,market.trade/v1,IKOR,327.57,5000
38a186e9-898a-49d0-99dd-8c15296ca5dc,32,2026-09-30T19:51:09.678439+00:00,market.trade/v1,RBN,241.61,1000
5abafd05-fbcc-4cb7-82a4-083a07d2fc70,33,2026-09-30T19:51:10.195271+00:00,market.trade/v1,UIM,46.99,5000
f79ec07c-23b0-41d0-9726-fccc41a0e4c3,34,2026-09-30T19:51:10.700800+00:00,market.trade/v1,CYDE,184.65,500
fe8915a0-b6cb-4099-97dc-bfdfc0b88622,35,2026-09-30T19:51:11.215285+00:00,market.trade/v1,RBN,241.29,1500
4e00318a-012c-4e42-978b-0d08140b53cb,36,2026-09-30T19:51:11.730227+00:00,market.trade/v1,RELL,92.20,700
79245074-0ad1-43c4-860b-5ac8f6298e29,37,2026-09-30T19:51:12.247747+00:00,market.trade/v1,UIM,47.01,700
6110d6b5-98b6-44f5-967d-edd5589de7a1,38,2026-09-30T19:51:12.753269+00:00,market.trade/v1,IKOR,327.42,300
d56fb967-614a-4648-bb7e-6f2a2c3d5ed3,39,2026-09-30T19:51:13.259415+00:00,market.trade/v1,RELL,92.23,500
c372e888-d424-470d-bc36-ff5aca7a18d9,40,2026-09-30T19:51:13.762595+00:00,market.trade/v1,RBN,241.10,1500
a10675a1-9692-4065-b51a-4828787c32eb,41,2026-09-30T19:51:14.266435+00:00,market.trade/v1,RBN,241.25,700
02963220-9534-40dd-b98f-1fa17a1825f4,42,2026-09-30T19:51:14.771980+00:00,market.trade/v1,CYDE,184.53,5000
793cad19-c5cb-4a78-8aa1-f69229fdb843,43,2026-09-30T19:51:15.277520+00:00,market.trade/v1,UIM,46.94,100
f68e2139-cdb4-442a-ac17-6e3da2170bb4,44,2026-09-30T19:51:15.793852+00:00,market.trade/v1,RBN,241.28,500
4d6ab76b-24cc-48cd-ab8e-cc262658c590,45,2026-09-30T19:51:16.297376+00:00,market.trade/v1,UIM,46.88,300
d8fdda6d-45f8-47fa-a761-f2a3ede12109,46,2026-09-30T19:51:16.812465+00:00,market.trade/v1,RELL,92.21,500
b0cf8902-2256-4ee7-ae1c-b2a56c071d68,47,2026-09-30T19:51:17.329275+00:00,market.trade/v1,RELL,92.27,700
7daabe19-267a-4d28-b4c5-490694c07d48,48,2026-09-30T19:51:17.846115+00:00,market.trade/v1,UIM,46.84,500
74c53278-efa0-472f-b29a-1d3f1fac0d7b,49,2026-09-30T19:51:18.350744+00:00,market.trade/v1,RBN,241.50,500
8f5a22cb-32c8-4d85-9563-c0eb00acb104,50,2026-09-30T19:51:18.855329+00:00,market.trade/v1,RBN,241.62,700
7a1755d3-ce6e-4d93-8891-86d2eeb35c0b,51,2026-09-30T19:51:19.373327+00:00,market.trade/v1,RELL,92.35,100
05d4ff37-8c83-40a4-a5e5-a43de610d411,52,2026-09-30T19:51:19.888617+00:00,market.trade/v1,CYDE,184.67,700
4a8b40e6-3afc-42b0-ba99-e3d06b25d24c,53,2026-09-30T19:51:20.402794+00:00,market.trade/v1,UIM,46.81,2000
57ce5010-78a3-4b87-81af-22628c946491,54,2026-09-30T19:51:20.921569+00:00,market.trade/v1,RELL,92.43,200
6d2f3bc4-b56a-46a0-8135-d648c33521af,55,2026-09-30T19:51:21.426135+00:00,market.trade/v1,IKOR,327.85,1500
ecb7f2bd-a53b-4194-9ad2-60fc3844890b,56,2026-09-30T19:51:21.943547+00:00,market.trade/v1,IKOR,328.05,700
731c267e-c04a-4508-8454-defe4590e1de,57,2026-09-30T19:51:22.460626+00:00,market.trade/v1,RELL,92.32,100
984964ed-061f-4238-9eb9-24d198641659,58,2026-09-30T19:51:22.964348+00:00,market.trade/v1,CYDE,184.74,1500
49692638-26ff-4be3-80b5-d6ab7bf34de9,59,2026-09-30T19:51:23.479976+00:00,market.trade/v1,RBN,241.89,200
866cd997-d55e-4366-8267-25da7288fcbf,60,2026-09-30T19:51:23.985391+00:00,market.trade/v1,UIM,46.74,700
61d1716f-36e6-41ad-afb0-cfd591d5230e,61,2026-09-30T19:51:24.490707+00:00,market.trade/v1,RBN,242.12,700
24cf7026-adde-4315-83dd-5caa94389c8d,62,2026-09-30T19:51:24.994586+00:00,market.trade/v1,RBN,241.89,2000
b99479c9-8863-4aa4-923f-f6523a41f43a,63,2026-09-30T19:51:25.509484+00:00,market.trade/v1,IKOR,327.69,1500
a692468b-f027-48b7-b747-91662cbee003,64,2026-09-30T19:51:26.014618+00:00,market.trade/v1,IKOR,327.81,1500
3ccd075f-2e5c-4509-924f-cafe9eec8282,65,2026-09-30T19:51:26.531805+00:00,market.trade/v1,IKOR,327.87,1000
12543fd0-9d16-4cf3-80cc-5e96975c77b6,66,2026-09-30T19:51:27.036883+00:00,market.trade/v1,IKOR,327.58,2000
e6c9efd8-fc4e-4ebc-95bf-4304604fdf79,67,2026-09-30T19:51:27.555047+00:00,market.trade/v1,RELL,92.29,1500
f4474273-313b-4d78-9360-0b8a2604282d,68,2026-09-30T19:51:28.070533+00:00,market.trade/v1,RELL,92.42,1500
d284ec53-4f5f-410d-8d54-978de9d952cb,69,2026-09-30T19:51:28.575519+00:00,market.trade/v1,RELL,92.53,300
31f67783-a121-42b0-98d5-bd1897c6d8e2,70,2026-09-30T19:51:29.081834+00:00,market.trade/v1,CYDE,184.64,2000
e5d8725a-aca1-4626-944b-787dd9e5e4db,71,2026-09-30T19:51:29.584103+00:00,market.trade/v1,IKOR,327.96,200
9d17f95c-ee92-4182-a4ad-8354613fcebf,72,2026-09-30T19:51:30.088322+00:00,market.trade/v1,RELL,92.40,500
55c9573f-c84d-449e-a651-37c7811fda76,73,2026-09-30T19:51:30.590947+00:00,market.trade/v1,IKOR,328.43,5000
6d8c5691-110f-475f-b49c-b39fab7e9fe3,74,2026-09-30T19:51:31.107694+00:00,market.trade/v1,RBN,242.08,300
b4be5426-365b-43e7-9e62-5a9bf23aeac1,75,2026-09-30T19:51:31.621490+00:00,market.trade/v1,CYDE,184.74,1000
a9e5d882-5711-492a-89de-9a26d0f1a102,76,2026-09-30T19:51:32.138268+00:00,market.trade/v1,RBN,241.95,1000
1968d07b-5d08-4713-a317-fe28a37e83d2,77,2026-09-30T19:51:32.645306+00:00,market.trade/v1,RBN,241.92,1500
ff3f37a1-c0d6-4129-8b1a-05ffaf097324,78,2026-09-30T19:51:33.162852+00:00,market.trade/v1,IKOR,328.80,1000
ff4ca036-64a2-41b8-8331-3eae3c5b4ab5,79,2026-09-30T19:51:33.666588+00:00,market.trade/v1,RBN,241.71,300
887ca9f6-1173-4e24-be02-f43d5322a899,80,2026-09-30T19:51:34.182499+00:00,market.trade/v1,RELL,92.30,5000
e9665b31-3fcb-425d-be5a-9e25721df71a,81,2026-09-30T19:51:34.698537+00:00,market.trade/v1,RBN,241.47,200
3cc624b7-5b65-4456-9d40-f714b0275e41,82,2026-09-30T19:51:35.204244+00:00,market.trade/v1,RELL,92.27,1000
0319db5b-9d0e-4193-90ed-ce2109ca284b,83,2026-09-30T19:51:35.720857+00:00,market.trade/v1,RELL,92.26,5000
3ddaea00-666b-4692-a96f-4abde8c4eb2a,84,2026-09-30T19:51:36.238268+00:00,market.trade/v1,CYDE,184.79,1000
e98f73b8-b787-4d71-9ea7-3bb038133b45,85,2026-09-30T19:51:36.755404+00:00,market.trade/v1,CYDE,185.06,200
a00a5176-de78-4e54-abd1-8466f0a3a11c,86,2026-09-30T19:51:39.192134+00:00,market.trade/v1,RBN,241.42,100
e08b95d9-98c2-463f-9c0b-bfdfd18673fe,87,2026-09-30T19:51:39.708406+00:00,market.trade/v1,RELL,92.52,1500
26a7a9ff-71bf-4a4f-8571-1fa663b4fd1f,88,2026-09-30T19:51:40.212293+00:00,market.trade/v1,IKOR,328.17,5000
6cae06cf-c09c-4da0-97e5-9671334e0f82,89,2026-09-30T19:51:40.715007+00:00,market.trade/v1,CYDE,184.35,300
64720498-8a41-4437-91da-391174b411a6,90,2026-09-30T19:51:41.231807+00:00,market.trade/v1,IKOR,328.63,300
8b524bf4-09db-421b-8157-0ba12c3db6a6,91,2026-09-30T19:51:41.747607+00:00,market.trade/v1,IKOR,328.89,700
58490984-b3e8-476e-b484-a9a533e14de3,92,2026-09-30T19:51:42.261612+00:00,market.trade/v1,CYDE,184.47,100
ebe2c565-bed4-4487-bf2b-2a8ee853cec3,93,2026-09-30T19:51:42.776464+00:00,market.trade/v1,RELL,92.52,300
b19798f3-2bd3-4568-8800-83e062039afc,94,2026-09-30T19:51:43.292588+00:00,market.trade/v1,IKOR,329.15,100
23e01a3a-ff48-41e0-b6e6-939d2b0f9589,95,2026-09-30T19:51:43.806552+00:00,market.trade/v1,RELL,92.65,700
a5459758-793d-404c-9599-a889c59f3aa6,96,2026-09-30T19:51:44.312527+00:00,market.trade/v1,CYDE,184.36,500
2844e9b9-1bb6-4211-bf45-7a17ff9374b2,97,2026-09-30T19:51:44.829374+00:00,market.trade/v1,UIM,46.69,5000
54ecc836-e76c-431c-8a32-385e9c62f561,98,2026-09-30T19:51:45.342443+00:00,market.trade/v1,CYDE,184.37,1500
7aff480a-28cb-4573-92f4-c3287a4a7fc9,99,2026-09-30T19:51:45.859724+00:00,market.trade/v1,UIM,46.63,1500
a3a55c81-ca39-471d-b6e0-f16226a06d1f,100,2026-09-30T19:51:46.363609+00:00,market.trade/v1,RELL,92.76,200
54f18e49-29ea-40c4-9ce3-d7a66b12b4e0,101,2026-09-30T19:51:46.880246+00:00,market.trade/v1,UIM,46.56,100
14b384fa-ee64-4225-b4f0-905b6d5f7b81,102,2026-09-30T19:51:47.384227+00:00,market.trade/v1,UIM,46.57,5000
02f8fdb1-a759-4760-b60b-d9509c36823e,103,2026-09-30T19:51:47.901865+00:00,market.trade/v1,RBN,241.28,1000
0ff5773b-3255-4931-b8ac-7fe05c76a3c0,104,2026-09-30T19:51:48.406254+00:00,market.trade/v1,RELL,92.75,200
054203c8-a45c-4c6a-baa7-4752d97b4059,105,2026-09-30T19:51:48.908921+00:00,market.trade/v1,CYDE,184.48,300
b7d3c92a-0808-4ef7-9d7e-91ddcc346564,106,2026-09-30T19:51:49.426287+00:00,market.trade/v1,UIM,46.62,500
6fc074ae-fa24-439f-b1d3-c82e1c2755d5,107,2026-09-30T19:51:49.930079+00:00,market.trade/v1,RBN,241.08,1000
938173a9-566d-4f60-9bdc-fe7bdccbca8b,108,2026-09-30T19:51:50.448677+00:00,market.trade/v1,CYDE,184.59,200
b54d2da9-cc4e-48e8-9428-fd770a25aaa4,109,2026-09-30T19:51:50.964974+00:00,market.trade/v1,CYDE,184.86,100
5da4c294-0c6b-4c4d-ad75-30f2d462f023,110,2026-09-30T19:51:51.484052+00:00,market.trade/v1,RELL,92.85,1000
cf384bbf-49a4-4bf6-852c-2f7f40dbc1d3,111,2026-09-30T19:51:51.988233+00:00,market.trade/v1,RBN,241.03,700
25f8d01b-272f-4f5b-9504-228f4e1d9691,112,2026-09-30T19:51:52.506722+00:00,market.trade/v1,RELL,92.92,1500
f92caeca-b2db-4c64-b88b-f27720224181,113,2026-09-30T19:51:53.010413+00:00,market.trade/v1,RELL,92.99,700
d307ac9d-4a92-401e-adf4-3eff209f854d,114,2026-09-30T19:51:53.526797+00:00,market.trade/v1,IKOR,328.69,1500
7956b694-0a74-4bb9-80a2-04508e360636,115,2026-09-30T19:51:54.030322+00:00,market.trade/v1,RELL,93.02,1000
4707e092-b184-43e9-9b58-aeb1d1402ef2,116,2026-09-30T19:51:54.546808+00:00,market.trade/v1,IKOR,329.10,1500
450411f7-cf66-4175-86ef-af97c49fe696,117,2026-09-30T19:51:55.061982+00:00,market.trade/v1,RBN,241.14,500
845e216f-ce49-4651-894a-2eb4d9df7a69,118,2026-09-30T19:51:55.578371+00:00,market.trade/v1,CYDE,184.65,700
6fc4e159-8f7a-4502-a628-ef2791ad6d12,119,2026-09-30T19:51:56.095840+00:00,market.trade/v1,CYDE,184.79,100
38e8e72e-515e-4268-960b-121f4e724c79,120,2026-09-30T19:51:56.601765+00:00,market.trade/v1,RBN,240.87,1500
1c2d0e53-fec1-4983-84c4-cceb454cb4e9,121,2026-09-30T19:51:57.119441+00:00,market.trade/v1,RELL,93.15,700
f6850842-7648-414a-8903-991e1313de71,122,2026-09-30T19:51:57.638432+00:00,market.trade/v1,RELL,93.02,100
2ae0ad4d-4a93-4bbd-ae7f-1085f486fe82,123,2026-09-30T19:51:58.155796+00:00,market.trade/v1,RBN,240.70,1500
c6b61840-6a3a-48ac-ae55-95dc4e08734c,124,2026-09-30T19:51:58.658647+00:00,market.trade/v1,RBN,240.42,200
691dea19-e8c0-463d-8c44-f5a99ded4537,125,2026-09-30T19:51:59.173107+00:00,market.trade/v1,CYDE,184.82,1500
2bb323d1-3016-4adf-b02a-4446cf4b7f75,126,2026-09-30T19:51:59.690585+00:00,market.trade/v1,UIM,46.58,1500
fb7a633c-2f74-4219-8225-28bf41ddceb1,127,2026-09-30T19:52:00.208694+00:00,market.trade/v1,CYDE,184.57,100
ebcea2a3-1a51-4ee2-bb85-dd5417ceb632,128,2026-09-30T19:52:00.713118+00:00,market.trade/v1,RELL,93.15,200
e0c017f9-66cd-47a7-a50f-fb392984a02b,129,2026-09-30T19:52:01.228306+00:00,market.trade/v1,IKOR,328.61,2000
021aca7c-332d-4cf2-89b5-1eb571aa2258,130,2026-09-30T19:52:01.746377+00:00,market.trade/v1,RBN,240.23,200
a3c07472-127f-4a2b-a223-2146f2afe374,131,2026-09-30T19:52:02.260306+00:00,market.trade/v1,RBN,240.11,5000
9949f97d-087a-47ce-800f-ff2a38b1b490,132,2026-09-30T19:52:02.777090+00:00,market.trade/v1,IKOR,328.50,300
613a597c-4ef9-40af-863c-ae6ca124300d,133,2026-09-30T19:52:03.291727+00:00,market.trade/v1,CYDE,184.46,1500
77ed035a-45ea-4975-8a6d-4179c465a2aa,134,2026-09-30T19:52:03.808418+00:00,market.trade/v1,RELL,93.06,300
d73e69cd-c008-4e2b-8e71-c275407c2231,135,2026-09-30T19:52:04.311588+00:00,market.trade/v1,UIM,46.63,200
dd18e066-9a4f-4f8a-bd25-2ff8370a2108,136,2026-09-30T19:52:04.828695+00:00,market.trade/v1,RELL,93.11,300
4a6a171a-4336-4b00-a3f4-206f374ec082,137,2026-09-30T19:52:05.336846+00:00,market.trade/v1,IKOR,328.85,1000
0fe582c1-6cd1-4b3d-8a51-3f012916cc61,138,2026-09-30T19:52:05.839655+00:00,market.trade/v1,RELL,92.99,100
49fcbed8-0cf5-45ec-baa8-50fb75ae5b32,139,2026-09-30T19:52:06.357202+00:00,market.trade/v1,RBN,240.44,2000
4557a13d-6135-4e54-bec9-c1769b75c988,140,2026-09-30T19:52:06.860051+00:00,market.trade/v1,CYDE,184.60,5000
e394bb5a-48cf-4363-b6e0-ea34248bf29d,141,2026-09-30T19:52:07.376814+00:00,market.trade/v1,CYDE,184.70,2000
6f5bf2e3-d6bd-4483-99de-a4602a6f3303,142,2026-09-30T19:52:07.883386+00:00,market.trade/v1,RELL,93.07,200
a3bb9786-cb0e-4a4a-9662-10aba598d11d,143,2026-09-30T19:52:08.402429+00:00,market.trade/v1,UIM,46.63,2000
a58a6345-fce8-47f8-84f5-87d6215a88d3,144,2026-09-30T19:52:08.906298+00:00,market.trade/v1,RELL,92.97,5000
0cd5cbf2-e37c-4d84-8d1e-c3e3d1c0d979,145,2026-09-30T19:52:09.410454+00:00,market.trade/v1,RELL,93.09,100
01590bc6-f968-4253-a81d-b262fb26a599,146,2026-09-30T19:52:09.914636+00:00,market.trade/v1,UIM,46.56,500
f7bb0f3b-0792-408f-9b01-2125e4a0b739,147,2026-09-30T19:52:10.431255+00:00,market.trade/v1,IKOR,328.89,1000
f42bf178-d9bb-4e9d-9f0d-f8914ac43fb0,148,2026-09-30T19:52:10.936132+00:00,market.trade/v1,CYDE,184.58,200
168bd7ea-ab67-4e7d-a204-f44a0fd417b1,149,2026-09-30T19:52:11.443582+00:00,market.trade/v1,RBN,240.31,700
fb49ce5d-ba3d-4197-a26f-4105f3f86742,150,2026-09-30T19:52:11.961529+00:00,market.trade/v1,RELL,93.10,1500
9ca22868-afb0-4b1f-bd2a-71809b730c20,151,2026-09-30T19:52:12.467188+00:00,market.trade/v1,IKOR,329.03,5000
e304b2cb-e2a8-4221-9eb1-747bb1be6121,152,2026-09-30T19:52:12.983715+00:00,market.trade/v1,UIM,46.61,700
889f4cbc-4d69-41ee-b67e-ea980aa9298b,153,2026-09-30T19:52:13.487402+00:00,market.trade/v1,RBN,240.23,1000
f4324705-4b18-416b-91b0-b6f6e0291eb5,154,2026-09-30T19:52:13.992470+00:00,market.trade/v1,RBN,240.06,1500
43e133ac-52f1-4a89-a1a0-9f24cddda4f9,155,2026-09-30T19:52:14.510498+00:00,market.trade/v1,RELL,93.02,200
4b60f047-76ca-4843-b5cb-31a44a10a09b,156,2026-09-30T19:52:15.017105+00:00,market.trade/v1,CYDE,184.80,300
5cd51f9f-8c67-4224-a287-af07a8af05ef,157,2026-09-30T19:52:15.520164+00:00,market.trade/v1,RBN,240.14,1000
4e6cc41f-f2f8-44b2-b4ab-12b9b4ec1669,158,2026-09-30T19:52:16.025632+00:00,market.trade/v1,RBN,239.91,300
eac236ae-0329-4ef6-8489-224ef70343af,159,2026-09-30T19:52:16.529613+00:00,market.trade/v1,UIM,46.58,5000
032569d7-aa83-4976-b071-ffa7367c9d68,160,2026-09-30T19:52:17.034724+00:00,market.trade/v1,IKOR,328.70,500
0c46fde2-dc3a-4987-ae58-b20d1f0c0fdb,161,2026-09-30T19:52:17.537576+00:00,market.trade/v1,RELL,93.14,1500
820b548f-a4ca-4a65-8dba-24994c51aaec,162,2026-09-30T19:52:18.054934+00:00,market.trade/v1,RBN,239.72,100
5ebe1e30-a67c-4a09-96eb-87f6e990f52c,163,2026-09-30T19:52:18.569906+00:00,market.trade/v1,RELL,93.03,2000
19d92813-55c9-4e57-8a74-ff407eefc7ed,164,2026-09-30T19:52:19.073306+00:00,market.trade/v1,RELL,92.94,200
0999baf3-8900-4625-a8dd-548d719013a3,165,2026-09-30T19:52:19.577374+00:00,market.trade/v1,UIM,46.61,700
896be6b0-67da-48e2-b9d8-ae19786c5e21,166,2026-09-30T19:52:20.084618+00:00,market.trade/v1,RBN,239.83,1500
0a517822-dec7-4ff8-a1bb-2aa2f2e2195a,167,2026-09-30T19:52:20.599846+00:00,market.trade/v1,IKOR,328.43,300
a1e04fa6-33d8-4432-8d5f-a6ffe1a4b4c8,168,2026-09-30T19:52:21.104743+00:00,market.trade/v1,RELL,93.04,5000
47879b54-5cbf-4113-a3be-9d36e453ffc4,169,2026-09-30T19:52:21.608496+00:00,market.trade/v1,IKOR,328.90,1500
4c267efa-8071-4a9f-a8d3-7c20d9660ce6,170,2026-09-30T19:52:22.115613+00:00,market.trade/v1,UIM,46.59,500
5b6e9699-c0a4-4a2c-a3b4-296694325262,171,2026-09-30T19:52:22.622166+00:00,market.trade/v1,RELL,93.06,300
13753049-149a-4d56-a832-b1cf8ace3c91,172,2026-09-30T19:52:23.140618+00:00,market.trade/v1,RELL,93.05,100
1d3308b4-ba81-4484-9008-9737a944938d,173,2026-09-30T19:52:23.647026+00:00,market.trade/v1,CYDE,184.78,5000
e9fc2562-5b8f-4d18-8095-b3ed6752432b,174,2026-09-30T19:52:24.150170+00:00,market.trade/v1,IKOR,328.93,1000
660a2b4a-df0a-4237-bc80-059886f14df6,175,2026-09-30T19:52:24.666535+00:00,market.trade/v1,UIM,46.63,300
af5e3fa4-2e64-440e-8f96-495523f2bb00,176,2026-09-30T19:52:25.186012+00:00,market.trade/v1,IKOR,328.54,500
81759284-137c-468a-9d72-755cace93581,177,2026-09-30T19:52:25.689496+00:00,market.trade/v1,UIM,46.60,500
fd17c627-fe0d-4e12-b91e-1f3c3183a50f,178,2026-09-30T19:52:26.194765+00:00,market.trade/v1,UIM,46.58,500
1e2e1221-7207-4af4-a595-7c40759d07ea,179,2026-09-30T19:52:26.697474+00:00,market.trade/v1,RELL,92.98,300
38d7d77f-ad39-4d0e-abfd-7c009f936ef3,180,2026-09-30T19:52:27.202508+00:00,market.trade/v1,CYDE,184.69,500
47dc2b4f-fe16-4c10-9306-93d8823f5df5,181,2026-09-30T19:52:27.720830+00:00,market.trade/v1,RBN,239.75,1000
28d6b89c-1bd7-49aa-9244-26c0e7f95a0a,182,2026-09-30T19:52:28.225521+00:00,market.trade/v1,RELL,92.97,100
4c7a13cf-58a9-443c-ab79-51fbba1f6ad1,183,2026-09-30T19:52:28.730535+00:00,market.trade/v1,RBN,239.58,2000
3c81e895-0a46-4c8b-a645-3e0920080232,184,2026-09-30T19:52:29.247001+00:00,market.trade/v1,CYDE,184.49,200
eb472984-d410-48f5-8bd1-a3b09861b6d1,185,2026-09-30T19:52:29.764371+00:00,market.trade/v1,RBN,239.76,5000
c6e23a5e-aa96-44e1-9686-4a8e96c8bbc0,186,2026-09-30T19:52:30.269611+00:00,market.trade/v1,RELL,93.07,2000
3bf284c4-46b5-48b8-8502-a71334c54c18,187,2026-09-30T19:52:30.772271+00:00,market.trade/v1,IKOR,328.09,2000
2e7b74c1-dbee-4fd1-9c78-1dd5466ee848,188,2026-09-30T19:52:31.276313+00:00,market.trade/v1,UIM,46.62,100
e3e59eb5-4cf9-41d8-a749-3130042d0d51,189,2026-09-30T19:52:31.778600+00:00,market.trade/v1,RBN,239.84,5000
e38c90cd-7a3f-4af6-ab69-4fb3a48f4da1,190,2026-09-30T19:52:32.292413+00:00,market.trade/v1,UIM,46.56,300
f646fe4e-c6a9-43f5-8550-1c2c4f8ac5e6,191,2026-09-30T19:52:32.807112+00:00,market.trade/v1,UIM,46.50,300
80e458dc-8366-4d78-ae76-fbd54153b584,192,2026-09-30T19:52:33.323349+00:00,market.trade/v1,UIM,46.46,200
4abfcf6a-d81d-4629-ac70-db8579fc49cf,193,2026-09-30T19:52:33.837475+00:00,market.trade/v1,UIM,46.40,300
be79dd71-51dc-4e83-a8e1-d65f61ec1c84,194,2026-09-30T19:52:34.354031+00:00,market.trade/v1,UIM,46.41,2000
38814149-338c-42f1-b255-5bfd12cdfe28,195,2026-09-30T19:52:34.870507+00:00,market.trade/v1,RELL,93.19,5000
9d9061f4-d075-492c-a863-cecccad0b6d7,196,2026-09-30T19:52:35.383505+00:00,market.trade/v1,IKOR,328.30,2000
c0aead15-d2d8-424d-9ad9-db50a01adaca,197,2026-09-30T19:52:35.900894+00:00,market.trade/v1,CYDE,184.73,5000
59145cf6-094f-4117-80c5-26249ea9e95f,198,2026-09-30T19:52:36.405597+00:00,market.trade/v1,CYDE,184.65,100
0bcf28e4-3a08-4c5f-8150-c9525a1bddf4,199,2026-09-30T19:52:36.922967+00:00,market.trade/v1,RELL,93.26,5000
5b05d22e-76ef-44b0-b55a-38c7af6dc8f3,200,2026-09-30T19:52:37.438466+00:00,market.trade/v1,RELL,93.22,200
6a015b5c-0e0e-470c-84f8-71fd39a1d21e,201,2026-09-30T19:52:37.941923+00:00,market.trade/v1,CYDE,184.61,1500
031fee77-bc49-4dff-91ae-4a492b79fe10,202,2026-09-30T19:52:38.446489+00:00,market.trade/v1,CYDE,184.66,2000
9ec6786f-49fc-47b1-ae17-05a75cdca312,203,2026-09-30T19:52:38.962589+00:00,market.trade/v1,RBN,239.68,100
c63b085b-4cc8-4fe8-b23c-cda5049ca73d,204,2026-09-30T19:52:39.465033+00:00,market.trade/v1,CYDE,184.79,500
65d432fd-d239-487f-a595-9260d2b6d423,205,2026-09-30T19:52:39.980976+00:00,market.trade/v1,IKOR,327.98,700
f24031a5-ba70-40af-b4b9-e92a86c35451,206,2026-09-30T19:52:40.495046+00:00,market.trade/v1,CYDE,184.94,700
159f562e-85e5-42ee-b3e1-f5cdf7bcbb52,207,2026-09-30T19:52:41.010527+00:00,market.trade/v1,IKOR,327.82,100
707804ba-63ee-4915-8a0f-889cddca6331,208,2026-09-30T19:52:41.525450+00:00,market.trade/v1,RELL,93.19,1000
941711ac-9012-4abd-b909-a850aa8c186c,209,2026-09-30T19:52:42.029292+00:00,market.trade/v1,CYDE,184.76,100
b806d844-8be7-4383-89ff-dcb5915bc494,210,2026-09-30T19:52:42.547718+00:00,market.trade/v1,IKOR,327.67,500
0f3027c8-86e3-4830-906d-6c8c8b27190e,211,2026-09-30T19:52:43.050552+00:00,market.trade/v1,RBN,239.90,700
5dbf9665-fed3-4e2d-b525-8a79c0c73cd5,212,2026-09-30T19:52:43.552571+00:00,market.trade/v1,RELL,93.28,100
7e066063-1251-4123-b1aa-cc93311d6802,213,2026-09-30T19:52:44.068359+00:00,market.trade/v1,RBN,239.63,500
2fe632f8-e154-4ee3-89fa-2a5162a035d7,214,2026-09-30T19:52:44.572378+00:00,market.trade/v1,CYDE,184.62,1000
16f5b1b7-247b-412a-a096-d3ad444cd153,215,2026-09-30T19:52:45.088882+00:00,market.trade/v1,UIM,46.40,700
bd38a058-4349-4cc4-ae7b-636c2cd956c6,216,2026-09-30T19:52:45.591717+00:00,market.trade/v1,RELL,93.32,100
363bbc60-942c-4671-a39a-70a73d964fb1,217,2026-09-30T19:52:46.095325+00:00,market.trade/v1,RBN,239.57,2000
733f5959-2d40-4bd2-b98f-0f28d920c829,218,2026-09-30T19:52:46.611899+00:00,market.trade/v1,RELL,93.33,700
0de2b2c2-8e11-4147-832b-c6db78160b23,219,2026-09-30T19:52:47.129548+00:00,market.trade/v1,RBN,239.44,1000
32885852-08f3-4540-b980-7bef2ba34926,220,2026-09-30T19:52:47.632804+00:00,market.trade/v1,RELL,93.37,500
c3cc93bc-e432-4a41-8025-32b0e74e4a2c,221,2026-09-30T19:52:48.149340+00:00,market.trade/v1,CYDE,184.78,300
1c947be8-b5c2-4bd4-ad37-a6aa006f20d0,222,2026-09-30T19:52:48.665400+00:00,market.trade/v1,RBN,239.16,1500
4b237495-dd65-4de0-9144-cfef72320872,223,2026-09-30T19:52:49.172482+00:00,market.trade/v1,UIM,46.34,1500
fe9e9c67-51cf-4c9e-b8de-26c9c132bb8d,224,2026-09-30T19:52:49.689858+00:00,market.trade/v1,CYDE,184.97,2000
c8dee123-83a1-45cb-a378-444d6ebf89c8,225,2026-09-30T19:52:50.207470+00:00,market.trade/v1,RBN,238.89,500
62139d0c-f6a3-4d49-9716-963fbd178db1,226,2026-09-30T19:52:50.723809+00:00,market.trade/v1,UIM,46.38,500
8d998ca0-dc60-420b-8b9d-3348c8c53cba,227,2026-09-30T19:52:51.230005+00:00,market.trade/v1,RELL,93.24,1000
4bddc289-1ccf-43ce-9f12-716eccce574c,228,2026-09-30T19:52:51.734689+00:00,market.trade/v1,CYDE,185.21,500
4f8b47df-3e2d-488c-b2c5-e6c8a2358e5e,229,2026-09-30T19:52:52.252882+00:00,market.trade/v1,IKOR,327.74,5000
040076f3-4a7a-4f2c-9ab8-8c1e9f658735,230,2026-09-30T19:52:52.755692+00:00,market.trade/v1,IKOR,327.75,1500
4a6721b1-33fd-4824-ad75-236b8b8bb93d,231,2026-09-30T19:52:53.271615+00:00,market.trade/v1,RBN,238.75,700
f72def6d-20fe-422c-bcf6-79e62e1ab544,232,2026-09-30T19:52:53.775875+00:00,market.trade/v1,RBN,238.82,300
c3149e94-02c3-49ba-b029-6b12bd77f47b,233,2026-09-30T19:52:54.279170+00:00,market.trade/v1,CYDE,184.98,1000
4128d1fb-898d-41a0-b462-f560b008bc13,234,2026-09-30T19:52:54.798587+00:00,market.trade/v1,CYDE,185.19,100
be592019-8fa3-488c-84d5-e861013804c6,235,2026-09-30T19:52:55.315251+00:00,market.trade/v1,CYDE,185.16,100
8e9f5faf-8cf0-4f70-a360-632c4d0eed9a,236,2026-09-30T19:52:55.831294+00:00,market.trade/v1,UIM,46.41,1500
ccd412e4-dece-466c-8bda-14d3e9ef68fe,237,2026-09-30T19:52:56.348663+00:00,market.trade/v1,RBN,238.55,1000
1d5d7896-c711-40dc-94be-52245845dafe,238,2026-09-30T19:52:56.865119+00:00,market.trade/v1,IKOR,327.51,200
95c7103d-6dec-4079-ad4e-642e19fd4d28,239,2026-09-30T19:52:57.368474+00:00,market.trade/v1,UIM,46.37,1000
794f0342-8146-4393-9e7e-f810a1223aea,240,2026-09-30T19:52:57.872524+00:00,market.trade/v1,CYDE,185.31,200
66383c68-9834-47f5-bdd2-5ec86e03a890,241,2026-09-30T19:52:58.389491+00:00,market.trade/v1,RELL,93.38,300
d8db10e5-4cd7-4b42-b5cb-ab77915fcde3,242,2026-09-30T19:52:58.906938+00:00,market.trade/v1,UIM,46.36,2000
d895c516-d328-4a64-9e42-5dd44833d0ac,243,2026-09-30T19:52:59.426179+00:00,market.trade/v1,RBN,238.81,200
485c98d4-c922-4c48-a94d-ce4dc85e7669,244,2026-09-30T19:52:59.944694+00:00,market.trade/v1,UIM,46.30,500
4c1e2488-eb59-45e2-9d2a-43ae5085f9bb,245,2026-09-30T19:53:00.447378+00:00,market.trade/v1,CYDE,185.57,700
4196ed2a-b56f-4551-b245-4c748df0c1d3,246,2026-09-30T19:53:00.951431+00:00,market.trade/v1,CYDE,185.60,5000
74bd60cd-9027-4ae5-b65d-3d64559543b5,247,2026-09-30T19:53:01.469496+00:00,market.trade/v1,IKOR,327.68,5000
602640ca-452d-427a-b0cd-1a2984ccff84,248,2026-09-30T19:53:01.974810+00:00,market.trade/v1,UIM,46.30,1500
6731dbfb-1954-4339-819d-e59298eb2b37,249,2026-09-30T19:53:02.491410+00:00,market.trade/v1,RBN,238.85,2000
7f7e17ee-3e3b-47e6-91f1-9f2f7da623e5,250,2026-09-30T19:53:02.994932+00:00,market.trade/v1,RBN,238.88,5000
71da7312-6f44-4991-8e4c-091657d9b1ee,251,2026-09-30T19:53:03.511588+00:00,market.trade/v1,UIM,46.35,100
c1622245-254b-4253-a476-95ff0dcea0a3,252,2026-09-30T19:53:04.028610+00:00,market.trade/v1,UIM,46.34,700
b8b6bdcd-1fe1-42c5-8185-205661a2800d,253,2026-09-30T19:53:04.546163+00:00,market.trade/v1,IKOR,327.75,700
48a9e000-1674-4b78-833f-d9f62422453f,254,2026-09-30T19:53:05.050800+00:00,market.trade/v1,RBN,238.59,300
a5c2f132-7b18-40fa-8ca8-f724e5548a52,255,2026-09-30T19:53:05.570515+00:00,market.trade/v1,IKOR,327.46,1500
258173c9-a17b-47cc-b612-1d9c39f51c95,256,2026-09-30T19:53:06.074178+00:00,market.trade/v1,RELL,93.39,300
6c4b957b-9fd1-499f-b240-2da08257d501,257,2026-09-30T19:53:06.588377+00:00,market.trade/v1,IKOR,327.57,1500
d43e1f9f-7db2-450b-b75b-e4f8dbff2ba5,258,2026-09-30T19:53:07.104039+00:00,market.trade/v1,IKOR,327.96,1500
5b988e57-8e6d-4ac6-9598-f5b6e937cdc5,259,2026-09-30T19:53:07.619680+00:00,market.trade/v1,IKOR,328.33,5000
a58f49c7-8b5f-478f-b0e6-a46ecd115976,260,2026-09-30T19:53:08.137419+00:00,market.trade/v1,IKOR,328.27,5000
b5387397-a24d-43f5-aa6b-78161350b0da,261,2026-09-30T19:53:08.640579+00:00,market.trade/v1,RELL,93.35,5000
87896bfc-310b-4bca-8ad6-c2975338aa8f,262,2026-09-30T19:53:09.144633+00:00,market.trade/v1,RELL,93.47,700
7b542bbc-55d3-47f8-b853-572ee70a0ed4,263,2026-09-30T19:53:09.663067+00:00,market.trade/v1,UIM,46.29,5000
c9ce90f0-7673-4482-88c4-5a99763d38dd,264,2026-09-30T19:53:10.168620+00:00,market.trade/v1,RBN,238.79,5000
dcd8bee8-a1d3-4553-b7c0-19c02c0680d2,265,2026-09-30T19:53:10.685277+00:00,market.trade/v1,RELL,93.45,5000
1f9b7ca1-7f0c-4993-9d13-90c8d88189ad,266,2026-09-30T19:53:11.189792+00:00,market.trade/v1,IKOR,328.72,100
2db3d066-a4b0-443a-a165-34a9ed813fa4,267,2026-09-30T19:53:11.693303+00:00,market.trade/v1,IKOR,328.85,2000
9cf9a76e-fe75-4b55-b9c3-5ee96e0e0281,268,2026-09-30T19:53:12.198381+00:00,market.trade/v1,RELL,93.47,700
159b4ca9-ba94-4725-928f-f4c402d1b008,269,2026-09-30T19:53:12.713911+00:00,market.trade/v1,UIM,46.24,1500
5fb6ccdb-f3f7-45c8-95f7-4a8da47e0f53,270,2026-09-30T19:53:13.229671+00:00,market.trade/v1,UIM,46.28,1500
513ec60e-8dee-41dd-a1de-38a59bae0471,271,2026-09-30T19:53:13.744619+00:00,market.trade/v1,RBN,239.04,1000
5599e945-a82c-4627-85dd-4f4e30e80194,272,2026-09-30T19:53:14.249919+00:00,market.trade/v1,RELL,93.57,2000
efc4bf8a-8c0e-4b1a-8297-4640b9c76de4,273,2026-09-30T19:53:14.768413+00:00,market.trade/v1,RELL,93.66,100
ba5c2c14-c66d-48c6-9949-88dd44f6dfcb,274,2026-09-30T19:53:15.284244+00:00,market.trade/v1,UIM,46.32,1500
7984d387-163d-4a15-9092-a4085947c069,275,2026-09-30T19:53:15.788282+00:00,market.trade/v1,CYDE,185.66,300
f9c74fbf-094a-4ff0-aa88-330da176d467,276,2026-09-30T19:53:16.291894+00:00,market.trade/v1,IKOR,328.86,500
1485181c-32b9-4085-9923-0b937b38c4a7,277,2026-09-30T19:53:16.810566+00:00,market.trade/v1,RBN,238.85,200
e03ce341-2402-41fc-a66e-7d1ee07c2d6b,278,2026-09-30T19:53:17.315773+00:00,market.trade/v1,RBN,238.95,500
7cd03407-dfac-4fe5-8199-8aedf9812948,279,2026-09-30T19:53:17.820778+00:00,market.trade/v1,IKOR,329.19,700
4a0a0c5d-1b25-4be6-b036-f360d6a04cc0,280,2026-09-30T19:53:18.337442+00:00,market.trade/v1,UIM,46.37,1000
70362920-00e3-4834-b8be-ed1e281c0175,281,2026-09-30T19:53:18.855174+00:00,market.trade/v1,IKOR,329.27,2000
f1730667-39bc-4ab9-9f82-3eb526d425ed,282,2026-09-30T19:53:19.371585+00:00,market.trade/v1,RBN,238.70,300
7e944aa3-3dcc-44e8-9314-bbaac6d79ecf,283,2026-09-30T19:53:19.877059+00:00,market.trade/v1,CYDE,185.63,100
da6bf291-337d-47dd-93df-fd7b6b510ad4,284,2026-09-30T19:53:20.394382+00:00,market.trade/v1,CYDE,185.85,2000
c1764004-bbf8-4be9-8070-4cab735dec91,285,2026-09-30T19:53:20.900731+00:00,market.trade/v1,IKOR,329.50,100
09738a81-ddae-4360-90c1-5a852b4884b7,286,2026-09-30T19:53:21.415571+00:00,market.trade/v1,IKOR,329.09,5000
b002d6f4-4ed8-4b3a-a964-140b82506762,287,2026-09-30T19:53:21.918474+00:00,market.trade/v1,UIM,46.41,5000
91b6cc37-f487-49b0-b777-cac776514a74,288,2026-09-30T19:53:22.422726+00:00,market.trade/v1,CYDE,186.07,500
45a5b1ac-9fd9-41fc-b944-0b253a3422e5,289,2026-09-30T19:53:22.939327+00:00,market.trade/v1,CYDE,186.03,5000
97324afc-73f9-4fc1-95f4-5fdb6597b2e7,290,2026-09-30T19:53:23.456291+00:00,market.trade/v1,RELL,93.78,1500
2784bc68-2aff-4dff-9b55-e38af2cca9f2,291,2026-09-30T19:53:23.964491+00:00,market.trade/v1,RBN,239.02,1000
0303e065-9960-412d-bee9-bd55f37c1b44,292,2026-09-30T19:53:24.483929+00:00,market.trade/v1,UIM,46.41,1500
ae7cb5d2-ad0c-41b8-b874-904a81f10af1,293,2026-09-30T19:53:24.986658+00:00,market.trade/v1,UIM,46.45,700
4ab826ee-8ea7-40bc-bd26-1492709708c7,294,2026-09-30T19:53:25.489582+00:00,market.trade/v1,RBN,238.84,5000
52446899-601d-42e8-8b91-1a8c4b1df722,295,2026-09-30T19:53:26.007527+00:00,market.trade/v1,CYDE,186.29,2000
6153d22a-f5d3-4a8b-bc3f-41fccc4d4bac,296,2026-09-30T19:53:26.525489+00:00,market.trade/v1,UIM,46.44,2000
75cd66da-19a8-4596-a766-5eeabf110fbf,297,2026-09-30T19:53:27.029978+00:00,market.trade/v1,UIM,46.39,200
b02f5d8c-b35a-450a-b2e0-bf7383f9daca,298,2026-09-30T19:53:27.533746+00:00,market.trade/v1,UIM,46.32,700
fb2994b2-6af8-477d-b23e-38f10c79bd92,299,2026-09-30T19:53:28.038241+00:00,market.trade/v1,RBN,238.93,1000
acc2d0c6-e493-412f-b4b6-393dbede7381,300,2026-09-30T19:53:28.542626+00:00,market.trade/v1,RELL,93.87,100
73dacc18-580a-4185-a684-16a5ffbf3de7,301,2026-09-30T19:53:29.047465+00:00,market.trade/v1,RELL,93.89,1500
323cabb1-8997-4bad-b960-caca24b50dbc,302,2026-09-30T19:53:29.553315+00:00,market.trade/v1,UIM,46.27,200
0310d062-a58a-47c0-a90a-057faac09ffc,303,2026-09-30T19:53:30.069380+00:00,market.trade/v1,IKOR,329.36,300
0c5269ec-3af0-42a9-a28a-3ee544137dbb,304,2026-09-30T19:53:30.573846+00:00,market.trade/v1,CYDE,186.29,5000
3fbe7229-456b-415c-8e51-28fd10bd264c,305,2026-09-30T19:53:31.090331+00:00,market.trade/v1,UIM,46.23,700
d22f57d8-2557-4cf0-ab6b-6fe6e207eaf5,306,2026-09-30T19:53:31.597345+00:00,market.trade/v1,UIM,46.27,5000
48caddff-7ce8-470e-83ff-10f8506d88d0,307,2026-09-30T19:53:32.114425+00:00,market.trade/v1,UIM,46.23,200
239ae25a-418b-4972-bd95-84312f483fee,308,2026-09-30T19:53:32.620290+00:00,market.trade/v1,RBN,238.78,500
29a620d3-613a-432e-b8c4-7d82b8b5d0a2,309,2026-09-30T19:53:33.138686+00:00,market.trade/v1,RBN,238.85,500
41ae1768-47f8-46e3-bad5-4e1ec5ac4a4f,310,2026-09-30T19:53:33.642027+00:00,market.trade/v1,UIM,46.26,700
e394ed69-8f21-4bb9-87d1-24888f933d31,311,2026-09-30T19:53:34.147012+00:00,market.trade/v1,IKOR,329.37,100
b537aae3-b85f-4b1f-a0e2-3e069ee774ef,312,2026-09-30T19:53:34.663994+00:00,market.trade/v1,RBN,239.18,500
be5be90b-e66f-43f6-aa21-f6b52369f2c0,313,2026-09-30T19:53:35.166228+00:00,market.trade/v1,RELL,93.98,5000
800f4570-a80a-45c6-9414-0ac4725fc6b0,314,2026-09-30T19:53:35.682990+00:00,market.trade/v1,IKOR,329.01,100
7780615a-9d1c-4f89-8c1f-6db79c94ed73,315,2026-09-30T19:53:36.186597+00:00,market.trade/v1,RBN,239.51,1000
062ca6ba-41f0-4892-a661-b92433e3a9ba,316,2026-09-30T19:53:36.701009+00:00,market.trade/v1,RBN,239.68,500
b9f7d772-ad9f-4e83-a5aa-ec20415c14f0,317,2026-09-30T19:53:37.207323+00:00,market.trade/v1,RELL,93.88,200
f8d8c9f1-413c-436f-bd41-b25e7b5b8c88,318,2026-09-30T19:53:37.709685+00:00,market.trade/v1,UIM,46.22,1000
13034442-5f00-4503-88b1-0e3099cb8fa0,319,2026-09-30T19:53:38.226361+00:00,market.trade/v1,RBN,239.79,700
a64cdfa9-2941-482d-8061-a92edc76cd5d,320,2026-09-30T19:53:38.741203+00:00,market.trade/v1,RBN,240.13,2000
0b0f70fc-a8a1-47ea-a431-b9807d83635b,321,2026-09-30T19:53:39.255516+00:00,market.trade/v1,RELL,93.88,300
1c6a22ae-91e5-4d5f-9daf-4ca54a1fac39,322,2026-09-30T19:53:39.773494+00:00,market.trade/v1,IKOR,329.19,200
f6004892-f7ed-469f-8e5e-7cc95974006a,323,2026-09-30T19:53:40.276691+00:00,market.trade/v1,RELL,93.79,1500
7301d67c-e51c-4814-8b32-03c971589836,324,2026-09-30T19:53:40.779414+00:00,market.trade/v1,UIM,46.27,1500
1a187966-1ba8-4477-aeed-2d26ec043119,325,2026-09-30T19:53:41.285772+00:00,market.trade/v1,CYDE,186.24,100
e6c3a7fa-c94d-4bb7-9c95-c082024d2d08,326,2026-09-30T19:53:41.790454+00:00,market.trade/v1,RELL,93.74,200
effd9748-666a-48d6-affa-93ae74c65d55,327,2026-09-30T19:53:42.295613+00:00,market.trade/v1,UIM,46.28,1500
7969dd5d-c39c-41b0-94a0-18a1a900bc55,328,2026-09-30T19:53:42.812445+00:00,market.trade/v1,RELL,93.72,2000
9f8e7c3a-5b0c-45b0-a50f-c367b9de826a,329,2026-09-30T19:53:43.316072+00:00,market.trade/v1,CYDE,186.44,5000
94a9b494-12c8-4bee-b99b-d179edda875f,330,2026-09-30T19:53:43.833461+00:00,market.trade/v1,UIM,46.23,500
88b83cc6-5e76-4863-9aac-205696c13faf,331,2026-09-30T19:53:44.350898+00:00,market.trade/v1,UIM,46.20,500
f711f7e7-2b20-4907-95ae-5224d98f5980,332,2026-09-30T19:53:44.868220+00:00,market.trade/v1,RBN,240.03,500
0f96dd45-cf09-43a4-a331-0ec855275543,333,2026-09-30T19:53:45.384943+00:00,market.trade/v1,UIM,46.25,300
9bde0f7d-bdba-43ad-b94d-fd2ab3cec690,334,2026-09-30T19:53:45.902567+00:00,market.trade/v1,UIM,46.31,100
2acb695a-ed7a-4c91-a80d-c4be37cec414,335,2026-09-30T19:53:46.405504+00:00,market.trade/v1,RBN,239.98,700
5c9aa142-de02-4987-86af-ccaaa4139306,336,2026-09-30T19:53:46.922670+00:00,market.trade/v1,CYDE,186.45,300
f66c2542-a5f3-4aae-b7f6-6ae4b223548a,337,2026-09-30T19:53:47.425460+00:00,market.trade/v1,UIM,46.24,1000
e03f7f4f-ad9d-4039-8f35-f47b51ba709b,338,2026-09-30T19:53:47.942594+00:00,market.trade/v1,RELL,93.67,700
8c9fd647-4bbb-421e-a9bd-ed19ad1d346a,339,2026-09-30T19:53:48.461173+00:00,market.trade/v1,CYDE,186.30,500
def1717a-215c-4ef8-a591-6301d6eb2bc9,340,2026-09-30T19:53:48.978390+00:00,market.trade/v1,UIM,46.17,500
f3ad3949-9776-46a4-8bd4-f105fe886d0e,341,2026-09-30T19:53:49.493785+00:00,market.trade/v1,UIM,46.13,1000
9a132972-c7be-4a03-b3c0-d7830f32f7dc,342,2026-09-30T19:53:50.000034+00:00,market.trade/v1,RELL,93.59,300
382f131b-b4a2-402a-a32e-968230802d5e,343,2026-09-30T19:53:50.518633+00:00,market.trade/v1,IKOR,329.63,200
ecc42470-2008-407c-a3ad-b1a581510cb8,344,2026-09-30T19:53:51.034774+00:00,market.trade/v1,RBN,240.07,1500
cfcb84da-c01d-48c7-a1f5-f7ec9d7b3974,345,2026-09-30T19:53:51.549521+00:00,market.trade/v1,RBN,239.98,2000
0a8ae80c-47c2-4a92-b12f-b3de4dcaf97c,346,2026-09-30T19:53:52.066023+00:00,market.trade/v1,UIM,46.08,5000
59e1296f-6a84-4a86-aa98-9493430cc28c,347,2026-09-30T19:53:52.570844+00:00,market.trade/v1,UIM,46.08,700
da52cb7f-ee88-4a43-b805-f3369e99a82e,348,2026-09-30T19:53:53.089567+00:00,market.trade/v1,UIM,46.04,1000
880edb64-757f-44fc-ab67-2ae919b2c90c,349,2026-09-30T19:53:53.608285+00:00,market.trade/v1,RELL,93.65,700
b6d42ff1-2fc6-4111-983b-ccb0200e598d,350,2026-09-30T19:53:54.126076+00:00,market.trade/v1,CYDE,186.48,200
a9a649eb-734b-4c61-9b6c-9c1c4d5392e5,351,2026-09-30T19:53:54.645802+00:00,market.trade/v1,RBN,240.32,5000
94deda26-ed92-4744-97c6-038854fbaedf,352,2026-09-30T19:53:55.162737+00:00,market.trade/v1,RBN,240.46,5000
461122a0-547b-4966-8cbb-adcd54b0268d,353,2026-09-30T19:53:55.680485+00:00,market.trade/v1,UIM,46.02,5000
1733635c-ea37-4008-90c6-05030315d25f,354,2026-09-30T19:53:56.197416+00:00,market.trade/v1,RBN,240.50,2000
e154aa73-cf31-4ded-be4d-fb530133f621,355,2026-09-30T19:53:56.715588+00:00,market.trade/v1,IKOR,330.01,2000
57f487e5-e0c5-412b-8ba9-054f39039896,356,2026-09-30T19:53:57.232004+00:00,market.trade/v1,UIM,46.02,1500
2de677b7-d999-4f34-9a76-2f00fc7e0ce8,357,2026-09-30T19:53:57.749591+00:00,market.trade/v1,CYDE,186.53,700
1ef8a47d-d9c0-41b3-9aab-753169e8637a,358,2026-09-30T19:53:58.269601+00:00,market.trade/v1,UIM,45.97,2000
43b9c0a7-ba4d-475f-b608-2b6bdd3c8a50,359,2026-09-30T19:53:58.786964+00:00,market.trade/v1,CYDE,186.75,500
957a2238-d737-4c52-a6a3-e5625eaac23b,360,2026-09-30T19:53:59.290906+00:00,market.trade/v1,RELL,93.74,700
f35d07e7-3e4f-430c-8f1a-ff11f4edc6a1,361,2026-09-30T19:53:59.806278+00:00,market.trade/v1,IKOR,330.12,300
94a00f61-dc49-4f60-956b-cb6d56a54d34,362,2026-09-30T19:54:00.321017+00:00,market.trade/v1,CYDE,186.50,1000
67c9f5f9-2475-4512-a6f4-d8e5e84a2a29,363,2026-09-30T19:54:00.836254+00:00,market.trade/v1,RBN,240.46,200
03fe2e5d-42b8-42d8-a621-e20c7c6854a3,364,2026-09-30T19:54:01.353882+00:00,market.trade/v1,RBN,240.20,2000
9cee1686-c178-453e-a0e7-88db4f98a3d5,365,2026-09-30T19:54:01.873516+00:00,market.trade/v1,RBN,239.91,100
d95c6302-d56a-40bb-a35d-89f97eedc240,366,2026-09-30T19:54:02.392225+00:00,market.trade/v1,CYDE,186.69,100
658c384a-0245-4d58-a0f4-a35768fae804,367,2026-09-30T19:54:02.910282+00:00,market.trade/v1,RELL,93.70,200
e2961b02-e68d-4cbd-bf18-23a34eac94bb,368,2026-09-30T19:54:03.428538+00:00,market.trade/v1,RELL,93.78,1500
cb527aa9-5400-45d7-b584-fb00132e6966,369,2026-09-30T19:54:03.947420+00:00,market.trade/v1,RELL,93.66,100
d09fbebd-74f1-44a3-aed7-a267f5e7df97,370,2026-09-30T19:54:04.461908+00:00,market.trade/v1,IKOR,330.35,1500
49696e5e-4720-4875-8843-3ced2465c7e9,371,2026-09-30T19:54:04.966599+00:00,market.trade/v1,IKOR,329.87,300
5e4bfe93-d1ef-47aa-a4b1-53f2006ce30e,372,2026-09-30T19:54:05.484116+00:00,market.trade/v1,IKOR,329.57,300
7d7b31da-9b1a-43c7-bb0c-e9b7211de61c,373,2026-09-30T19:54:06.001374+00:00,market.trade/v1,IKOR,329.77,200
4042f540-b583-45b9-bfa6-e68a96930dfc,374,2026-09-30T19:54:06.516952+00:00,market.trade/v1,RELL,93.69,500
ce17b8f0-0c8b-4042-a2c7-e1268da0abe4,375,2026-09-30T19:54:07.036110+00:00,market.trade/v1,IKOR,329.36,2000
2904ef7a-5d6c-4940-a766-d9c3f682dbae,376,2026-09-30T19:54:07.555095+00:00,market.trade/v1,RBN,240.02,2000
63b4d27d-11fe-4b7f-95e1-cbd02ddc00b3,377,2026-09-30T19:54:08.075411+00:00,market.trade/v1,RBN,239.71,1500
de165dfc-66c5-4d61-a49b-b922db7cee56,378,2026-09-30T19:54:08.592726+00:00,market.trade/v1,UIM,45.93,2000
51cf9604-0fb8-44cd-a73f-7944a4402057,379,2026-09-30T19:54:09.107613+00:00,market.trade/v1,RBN,239.81,700
ffe0ad64-41df-481c-b2be-126df3f4bed3,380,2026-09-30T19:54:09.613006+00:00,market.trade/v1,RELL,93.59,100
da78d249-1c18-4101-8763-ecd422383af6,381,2026-09-30T19:54:10.129457+00:00,market.trade/v1,RBN,239.65,2000
604bed1e-03d6-44e1-afc5-9fb4c8b3330c,382,2026-09-30T19:54:10.647302+00:00,market.trade/v1,CYDE,186.55,1500
f8a06ebc-cd87-447b-82df-d71739af8af8,383,2026-09-30T19:54:11.164541+00:00,market.trade/v1,UIM,46.00,5000
4e7c46c1-116a-4f80-a380-917db7fda710,384,2026-09-30T19:54:11.682834+00:00,market.trade/v1,UIM,45.99,500
73edc481-20ce-4c3d-9725-ec9947cf05c6,385,2026-09-30T19:54:12.198556+00:00,market.trade/v1,IKOR,329.34,200
5ae50958-f563-4261-997e-cea3df50b0ce,386,2026-09-30T19:54:12.716752+00:00,market.trade/v1,IKOR,329.43,1000
4808f2bd-2209-40cb-9c0f-d8447aa34fb6,387,2026-09-30T19:54:13.234761+00:00,market.trade/v1,IKOR,329.87,100
3465acf2-b7d0-4dc6-a296-18b882c5cfc3,388,2026-09-30T19:54:13.753200+00:00,market.trade/v1,UIM,45.97,200
6c9060a1-5639-4225-a62b-b68d5a35e7ae,389,2026-09-30T19:54:14.271182+00:00,market.trade/v1,RELL,93.53,5000
efbe6dea-da64-47e6-9359-ce9683028a2e,390,2026-09-30T19:54:14.791164+00:00,market.trade/v1,IKOR,330.36,5000
4af34cdf-c8a5-4957-b516-4f22e631402b,391,2026-09-30T19:54:15.309752+00:00,market.trade/v1,UIM,45.91,1500
511190e2-4cc8-430a-8234-fd955f78f168,392,2026-09-30T19:54:15.827417+00:00,market.trade/v1,UIM,45.92,200
b0c3d3c5-a8bf-4dfd-b60b-f2f7d04e13fe,393,2026-09-30T19:54:16.346743+00:00,market.trade/v1,CYDE,186.62,1500
345692f4-f5fb-4411-8eb4-f580cca9fc3d,394,2026-09-30T19:54:16.864591+00:00,market.trade/v1,CYDE,186.90,500
b20a7e95-a841-412f-8d73-e82f08cf6a3e,395,2026-09-30T19:54:17.369841+00:00,market.trade/v1,UIM,45.87,700
d9895623-d344-419d-b9b9-aebe5a4ac095,396,2026-09-30T19:54:17.884904+00:00,market.trade/v1,CYDE,186.87,5000
b2ccac8f-d677-4958-8b98-b4e3835c2a86,397,2026-09-30T19:54:18.401554+00:00,market.trade/v1,RBN,239.84,300
69ced8e2-9c49-4df8-9d29-beb95ef7d486,398,2026-09-30T19:54:18.919994+00:00,market.trade/v1,RELL,93.48,700
6b39ea75-0042-448f-9420-fd9d1f327d7f,399,2026-09-30T19:54:19.438382+00:00,market.trade/v1,UIM,45.86,1000
00bfeddc-3602-46aa-84eb-34470216dd27,400,2026-09-30T19:54:19.955844+00:00,market.trade/v1,RELL,93.45,2000
2e513572-1e37-490e-bd1b-bfd4a5538e65,401,2026-09-30T19:54:20.473194+00:00,market.trade/v1,UIM,45.88,200
114ccc91-2c1b-42f7-8418-5626ae529b57,402,2026-09-30T19:54:20.992783+00:00,market.trade/v1,RBN,240.10,1500
add323f1-d28e-42d7-bd4a-65b8e5a5f691,403,2026-09-30T19:54:21.510964+00:00,market.trade/v1,UIM,45.93,1000
6f3bf122-872e-4b43-b71e-8d861a098887,404,2026-09-30T19:54:22.015512+00:00,market.trade/v1,RBN,240.35,300
84097c80-9086-41a4-904e-53900bec2ca9,405,2026-09-30T19:54:22.530236+00:00,market.trade/v1,CYDE,186.70,200
c876548b-d69b-47a3-80c4-069304155b02,406,2026-09-30T19:54:23.045756+00:00,market.trade/v1,IKOR,330.43,300
9948713e-61fb-4d26-919d-6869599cc868,407,2026-09-30T19:54:23.563290+00:00,market.trade/v1,UIM,45.96,1000
03399f71-a326-4498-a0b6-c964d293df46,408,2026-09-30T19:54:24.081486+00:00,market.trade/v1,RELL,93.47,100
115afb2f-32cb-4339-82c2-0b226ab0ded7,409,2026-09-30T19:54:24.597102+00:00,market.trade/v1,IKOR,330.54,100
805a5d8e-3871-4624-a74f-0138e9c37532,410,2026-09-30T19:54:25.111814+00:00,market.trade/v1,RELL,93.49,100
2b594590-1a57-4a47-b5fc-a7f68508e5eb,411,2026-09-30T19:54:25.628512+00:00,market.trade/v1,RBN,240.35,5000
673bd16a-27b8-4a82-bd2b-75c8dac58dc1,412,2026-09-30T19:54:26.148412+00:00,market.trade/v1,RELL,93.61,300
596ae5d1-0815-4518-87c5-afcda886701d,413,2026-09-30T19:54:26.667731+00:00,market.trade/v1,RELL,93.51,300
82dd5a33-cf65-48f2-bd37-76259251cc56,414,2026-09-30T19:54:27.183316+00:00,market.trade/v1,RBN,240.27,500
98367c19-11c0-4a9b-a0a5-694e77af57af,415,2026-09-30T19:54:27.700482+00:00,market.trade/v1,UIM,45.95,1500
1b83fff7-5d29-45a2-90e1-8494cfecc43e,416,2026-09-30T19:54:28.215708+00:00,market.trade/v1,CYDE,186.69,100
55dacae3-8127-4bbf-9e55-3a1e009abc47,417,2026-09-30T19:54:28.729765+00:00,market.trade/v1,CYDE,186.42,1000
3f781e86-7b07-4235-bf23-d2737f9808b0,418,2026-09-30T19:54:29.248486+00:00,market.trade/v1,CYDE,186.23,700
c313ae34-323a-49ce-b151-6aa0971c7d83,419,2026-09-30T19:54:29.765541+00:00,market.trade/v1,IKOR,330.72,100
614ab0cd-51ba-40fb-989a-1f4ca66146ed,420,2026-09-30T19:54:30.285463+00:00,market.trade/v1,RBN,239.92,700
cd006198-d1bd-487e-88e5-f72cb663a8fd,421,2026-09-30T19:54:30.790292+00:00,market.trade/v1,RBN,239.93,500
a89fe266-31d9-46d3-8b26-6977b0ea993d,422,2026-09-30T19:54:31.308606+00:00,market.trade/v1,CYDE,186.14,200
fc128c80-522c-44ab-b897-0f62e7c0d6f9,423,2026-09-30T19:54:31.826235+00:00,market.trade/v1,RELL,93.44,500
a1b57702-5aa7-4415-873a-e10ec4fbb78d,424,2026-09-30T19:54:32.344825+00:00,market.trade/v1,CYDE,186.37,1500
17a3bfb2-b240-465a-8660-727879c2c988,425,2026-09-30T19:54:32.861535+00:00,market.trade/v1,RBN,239.79,2000
c88e577c-451c-43b6-972b-e4d7d9074909,426,2026-09-30T19:54:33.381457+00:00,market.trade/v1,CYDE,186.63,2000
50c0e60f-cb98-4935-8783-8bf45d1b913b,427,2026-09-30T19:54:33.900977+00:00,market.trade/v1,RBN,239.53,700
15f874dd-4cce-4e77-994a-96dac6b0a960,428,2026-09-30T19:54:34.420372+00:00,market.trade/v1,RELL,93.57,1500
77296b1b-2783-4457-a908-0354093f82e5,429,2026-09-30T19:54:34.938591+00:00,market.trade/v1,RBN,239.57,300
c39d88b2-a1ef-4ef1-b8f5-edcffb7fd319,430,2026-09-30T19:54:35.458311+00:00,market.trade/v1,CYDE,186.51,700
266f8052-49f9-41d8-af8b-c587e6c6767f,431,2026-09-30T19:54:35.964037+00:00,market.trade/v1,CYDE,186.44,2000
936177f6-3d16-4bbe-8ae0-12b895f0e351,432,2026-09-30T19:54:36.482766+00:00,market.trade/v1,UIM,45.92,5000
c4ba01ca-ad34-4882-b994-5a1d081d3bf6,433,2026-09-30T19:54:37.000367+00:00,market.trade/v1,IKOR,330.38,700
a38d1756-7a41-4856-98c3-2ed202b6b55f,434,2026-09-30T19:54:37.517745+00:00,market.trade/v1,RBN,239.33,5000
e3e5f61f-b492-414c-9d09-3a94036618fd,435,2026-09-30T19:54:38.036258+00:00,market.trade/v1,RELL,93.66,1500
8a5e815a-bde2-4370-8299-4958b40e4074,436,2026-09-30T19:54:38.552402+00:00,market.trade/v1,RELL,93.58,300
f3d19841-ad65-4b6b-908d-98eadc592f00,437,2026-09-30T19:54:39.071506+00:00,market.trade/v1,CYDE,186.17,1500
4a94b5a3-d7fd-4c00-b6df-424f66f9a813,438,2026-09-30T19:54:39.584661+00:00,market.trade/v1,RBN,239.25,2000
cb77bdaf-b85a-4ea7-8486-4bfc863357c3,439,2026-09-30T19:54:40.091091+00:00,market.trade/v1,RELL,93.54,5000
1b5dc1a4-b697-4e2d-89d0-a203e3573b38,440,2026-09-30T19:54:40.608650+00:00,market.trade/v1,IKOR,330.47,200
1323e380-4630-40dc-a413-b7b42ae3ba6b,441,2026-09-30T19:54:41.127802+00:00,market.trade/v1,UIM,45.98,1000
bf159257-e59a-4f54-a9f8-de775234252d,442,2026-09-30T19:54:41.634589+00:00,market.trade/v1,UIM,45.96,2000
7076bf36-5c8f-4b64-99c2-e2dfb8379bf5,443,2026-09-30T19:54:42.151408+00:00,market.trade/v1,RBN,239.07,700
868f4f33-0141-49f6-ab73-22c0e0c770a0,444,2026-09-30T19:54:42.665792+00:00,market.trade/v1,CYDE,186.43,5000
02b1df45-6073-40bc-915f-1bc4ff6b6fe1,445,2026-09-30T19:54:43.181440+00:00,market.trade/v1,RBN,238.86,200
278a09fc-6f89-46df-b9a6-87f87f18df4c,446,2026-09-30T19:54:43.686487+00:00,market.trade/v1,RELL,93.45,300
b0eb1ea5-04f6-4214-b203-5b46f6a95b38,447,2026-09-30T19:54:44.202232+00:00,market.trade/v1,CYDE,186.49,300
5f8e9073-88dd-4624-8717-e56e1d4ad625,448,2026-09-30T19:54:44.722879+00:00,market.trade/v1,UIM,45.93,1000
e915b577-e039-41a0-958c-8c41a99edd3f,449,2026-09-30T19:54:45.228346+00:00,market.trade/v1,RBN,238.65,500
763b7c45-bc4b-4ac4-8bed-87a3935aeec3,450,2026-09-30T19:54:45.743502+00:00,market.trade/v1,RBN,238.38,500
5dc7c233-aab5-49f5-bd51-3adf0d92e580,451,2026-09-30T19:54:46.260270+00:00,market.trade/v1,RELL,93.59,5000
04ed1350-e744-48d7-bda7-4ef13f0a19a7,452,2026-09-30T19:54:46.776970+00:00,market.trade/v1,RELL,93.58,2000
de1fd495-6e3d-4adf-8060-4930f986a2e5,453,2026-09-30T19:54:47.295390+00:00,market.trade/v1,RBN,238.70,300
6ec810f6-ce36-4e0a-acf8-22d5489394fd,454,2026-09-30T19:54:47.813701+00:00,market.trade/v1,RELL,93.71,200
d7e4f38e-34d9-4382-b6ab-56a91daa5b3e,455,2026-09-30T19:54:48.330682+00:00,market.trade/v1,IKOR,330.40,200
1bcb057f-3233-4ca6-abde-51c94bb05e7f,456,2026-09-30T19:54:48.848326+00:00,market.trade/v1,CYDE,186.64,5000
13103863-c158-4473-a7f2-306584da0f14,457,2026-09-30T19:54:49.365408+00:00,market.trade/v1,RELL,93.68,1500
36b174c8-856b-4fa6-8ad5-86850edcf8d0,458,2026-09-30T19:54:49.882199+00:00,market.trade/v1,RELL,93.59,300
51ee84b9-589f-4c96-b516-82ef4aa968cc,459,2026-09-30T19:54:50.401969+00:00,market.trade/v1,RELL,93.54,500
ddb20c78-a125-47a2-a36c-3f569820a28b,460,2026-09-30T19:54:50.919455+00:00,market.trade/v1,RBN,238.62,300
786a60d9-c7ba-42de-bf32-cd09ee0224cc,461,2026-09-30T19:54:51.435728+00:00,market.trade/v1,RELL,93.63,2000
0822a5df-10b5-4883-aada-06bdf0ebfd74,462,2026-09-30T19:54:51.953571+00:00,market.trade/v1,UIM,45.94,200
62d8ef0f-eae5-4492-9524-83292ae4f248,463,2026-09-30T19:54:52.466229+00:00,market.trade/v1,RELL,93.51,300
01b11b8c-5c64-46ce-a78b-a3781021b269,464,2026-09-30T19:54:52.983397+00:00,market.trade/v1,IKOR,330.80,100
38b695a8-0324-4120-b01f-676c57181159,465,2026-09-30T19:54:53.497261+00:00,market.trade/v1,UIM,46.01,5000
2bc1221a-7374-4f4e-860b-428479cd8484,466,2026-09-30T19:54:54.014487+00:00,market.trade/v1,RBN,238.44,1500
03d80e90-d650-46b6-80fb-a6ec228797b7,467,2026-09-30T19:54:54.532704+00:00,market.trade/v1,CYDE,186.84,700
99ff3575-463c-43dd-a3ba-dca1dd7a452e,468,2026-09-30T19:54:55.051668+00:00,market.trade/v1,RELL,93.64,2000
8321df76-2eb8-4048-b965-3ec31b17cd25,469,2026-09-30T19:54:55.567381+00:00,market.trade/v1,IKOR,330.41,2000
b1c17497-f45c-4b00-b289-eec6669cb1a6,470,2026-09-30T19:54:56.085765+00:00,market.trade/v1,RBN,238.61,1000
389bc4b2-27bb-41e0-85fd-1d098e52f5fc,471,2026-09-30T19:54:56.603637+00:00,market.trade/v1,IKOR,330.03,700
153c19c4-0208-4e28-9657-56a68475d362,472,2026-09-30T19:54:57.122621+00:00,market.trade/v1,CYDE,187.08,2000
f65532d5-f81c-4aff-85c1-08df5f5b07e8,473,2026-09-30T19:54:57.640787+00:00,market.trade/v1,IKOR,329.60,1500
b55d2eae-5ae7-45ab-9419-6436506f87ba,474,2026-09-30T19:54:58.156036+00:00,market.trade/v1,IKOR,329.64,500
192487e3-fa68-4cf5-89a6-892eb68d8330,475,2026-09-30T19:54:58.670528+00:00,market.trade/v1,UIM,46.02,2000
a95d4ec8-e212-457f-a160-ba9b4a033339,476,2026-09-30T19:54:59.187588+00:00,market.trade/v1,CYDE,187.19,100
4bcaa87e-caa9-4016-96c3-c494118ddb69,477,2026-09-30T19:54:59.706905+00:00,market.trade/v1,IKOR,329.35,700
74e70be3-4941-4809-bc3f-822ce7e81bed,478,2026-09-30T19:55:00.228306+00:00,market.trade/v1,RELL,93.52,100
2285e1cd-52c2-499d-bcb1-2ac1893d12a0,479,2026-09-30T19:55:00.745671+00:00,market.trade/v1,RELL,93.40,2000
be75dd17-fc7b-403a-bc9c-111840e0b5e6,480,2026-09-30T19:55:01.250146+00:00,market.trade/v1,UIM,46.04,500
25fc47d0-da94-4dfa-88f3-23d099a0f8b3,481,2026-09-30T19:55:01.766169+00:00,market.trade/v1,UIM,46.06,300
b1587a5d-4997-4cbe-b495-a309d45bf9ad,482,2026-09-30T19:55:02.283982+00:00,market.trade/v1,RELL,93.44,2000
d4733ac2-4891-4ecc-b89d-e0ff70c62282,483,2026-09-30T19:55:02.801895+00:00,market.trade/v1,RELL,93.34,200
81d15cf1-d99b-4691-b57d-7c97deb0706b,484,2026-09-30T19:55:03.305880+00:00,market.trade/v1,CYDE,187.22,1000
253709e3-6bf1-455f-8799-f9265490d284,485,2026-09-30T19:55:03.824268+00:00,market.trade/v1,RBN,238.28,1000
d32469bf-6031-4838-a5db-ad121eb7de26,486,2026-09-30T19:55:04.327764+00:00,market.trade/v1,RELL,93.37,1500
57935780-7246-4007-ae5d-00a9c5e7650d,487,2026-09-30T19:55:04.846671+00:00,market.trade/v1,RBN,238.02,5000
8db17d9b-8e58-4a65-ba38-e9b17dabb023,488,2026-09-30T19:55:05.352178+00:00,market.trade/v1,RELL,93.44,1500
32429f53-cc00-46c8-97ff-f4df0c577168,489,2026-09-30T19:55:05.865628+00:00,market.trade/v1,IKOR,328.97,1500
e36c214a-f722-4c2c-bccd-3237e31d520d,490,2026-09-30T19:55:06.380639+00:00,market.trade/v1,UIM,46.12,200
91bc7ab9-e716-4e1e-b997-9f921bbb67db,491,2026-09-30T19:55:06.895172+00:00,market.trade/v1,UIM,46.13,1000
32b3ac46-8157-4073-9fb3-466dd7b26443,492,2026-09-30T19:55:07.414073+00:00,market.trade/v1,RELL,93.42,100
072b93f6-8754-4d2e-90da-261936bab0f6,493,2026-09-30T19:55:07.930528+00:00,market.trade/v1,UIM,46.18,5000
178239d8-592e-49a2-abca-bfa04e3b4a23,494,2026-09-30T19:55:08.449873+00:00,market.trade/v1,RBN,237.90,100
30f130e8-680d-47ee-8dec-71247e5315cc,495,2026-09-30T19:55:08.966680+00:00,market.trade/v1,CYDE,187.21,1000
a4945220-1b9b-4e88-972a-c685459f679d,496,2026-09-30T19:55:09.486067+00:00,market.trade/v1,RELL,93.43,500
76d4d83d-08bc-4c40-82d4-b5239bc1530d,497,2026-09-30T19:55:10.000831+00:00,market.trade/v1,CYDE,187.01,500
27b44a93-f545-486d-94dc-00df580747c1,498,2026-09-30T19:55:10.516609+00:00,market.trade/v1,UIM,46.12,200
a26f0b35-f164-4a55-a486-a221a19c736c,499,2026-09-30T19:55:11.033915+00:00,market.trade/v1,UIM,46.06,200
030fb73e-8a61-44d9-93d1-35c05bbead92,500,2026-09-30T19:55:11.536788+00:00,market.trade/v1,RELL,93.54,1000
95d6d9c2-15b1-4f14-aff7-3e64f19124b2,501,2026-09-30T19:55:12.052933+00:00,market.trade/v1,UIM,46.04,300
59bad6d0-a6be-4040-a051-839589028465,502,2026-09-30T19:55:12.566751+00:00,market.trade/v1,RBN,237.67,200
5064adb8-0fcc-4faa-b46c-e27e669013fa,503,2026-09-30T19:55:13.082584+00:00,market.trade/v1,UIM,46.07,1500
89e7dd36-4d14-4885-82f9-a10387115562,504,2026-09-30T19:55:13.599855+00:00,market.trade/v1,IKOR,328.66,1000
7fea3ef8-05ee-4372-b6ab-0555f1ca0b61,505,2026-09-30T19:55:14.118651+00:00,market.trade/v1,RBN,237.79,300
babab747-8eda-4862-8e08-a42788cd17aa,506,2026-09-30T19:55:14.637061+00:00,market.trade/v1,RBN,237.65,200
54560a03-1982-41ab-80ca-c6e5498d564b,507,2026-09-30T19:55:15.154622+00:00,market.trade/v1,RBN,237.30,2000
ba263754-78ee-4ade-8ab2-cc0c8a59e1ac,508,2026-09-30T19:55:15.672391+00:00,market.trade/v1,IKOR,328.69,500
d77f9ecd-39f0-4e42-8099-0e5265da65c5,509,2026-09-30T19:55:16.192413+00:00,market.trade/v1,CYDE,186.78,5000
138b07e4-ee93-43e1-b214-3b2138e2e76f,510,2026-09-30T19:55:16.710750+00:00,market.trade/v1,RBN,237.58,300
46daf3b0-291b-4608-b319-67ccd4f5d707,511,2026-09-30T19:55:17.227422+00:00,market.trade/v1,IKOR,328.24,500
98477ef3-14e3-444f-a339-4a630138ba5e,512,2026-09-30T19:55:17.742813+00:00,market.trade/v1,CYDE,187.06,2000
e2342b71-5fd6-4822-9eab-ba0e4a61eccf,513,2026-09-30T19:55:18.258376+00:00,market.trade/v1,IKOR,328.49,500
83e43f23-f27d-43da-a5ff-d2c2fc6f5478,514,2026-09-30T19:55:18.776698+00:00,market.trade/v1,RBN,237.50,700
ff98414e-edb1-4b28-9358-837bea4431e1,515,2026-09-30T19:55:19.285802+00:00,market.trade/v1,UIM,46.14,300
02f0286e-316b-4828-92e5-6389f53ccc5b,516,2026-09-30T19:55:19.789817+00:00,market.trade/v1,IKOR,328.95,700
a03fe6e4-3695-4c6a-bf44-860ef948eff5,517,2026-09-30T19:55:20.309706+00:00,market.trade/v1,IKOR,328.84,1000
e7af20ed-16fd-4df7-8218-ed89785a175a,518,2026-09-30T19:55:20.826592+00:00,market.trade/v1,RBN,237.82,500
e4d5c752-b43d-4491-bd4c-2187406cf8bc,519,2026-09-30T19:55:21.332019+00:00,market.trade/v1,RBN,238.02,200
125e59ed-075f-4d49-a2dd-163766f53c2f,520,2026-09-30T19:55:21.845438+00:00,market.trade/v1,CYDE,186.89,5000
2794b417-3597-4806-a86e-e3cb8e8f399a,521,2026-09-30T19:55:22.364595+00:00,market.trade/v1,IKOR,328.78,5000
53bf34aa-d660-4ed1-9a73-9e7f783e1f9d,522,2026-09-30T19:55:22.882013+00:00,market.trade/v1,RBN,238.01,300
130e8075-ca5c-4c1b-bf79-1412b7ce7464,523,2026-09-30T19:55:23.399463+00:00,market.trade/v1,RELL,93.54,500
70cd7a10-d8a5-4aac-8e51-96556810a9cf,524,2026-09-30T19:55:23.918322+00:00,market.trade/v1,RBN,238.21,2000
f4ef7e8c-bb0c-472b-92ee-881a77af8e7b,525,2026-09-30T19:55:24.423498+00:00,market.trade/v1,IKOR,328.50,500
1e8ffef8-c6d3-4a66-8a1d-40b1e8bf5a5e,526,2026-09-30T19:55:24.929873+00:00,market.trade/v1,RBN,237.86,100
34152c4b-ddb7-4a76-985a-91d557ed07fe,527,2026-09-30T19:55:25.446641+00:00,market.trade/v1,RBN,238.11,100
a600e600-a170-42ae-8d88-b4e7c794564e,528,2026-09-30T19:55:25.964252+00:00,market.trade/v1,CYDE,186.82,1500
278141b9-a334-4bf0-9c06-de7e885bfcce,529,2026-09-30T19:55:26.468521+00:00,market.trade/v1,RELL,93.56,1000
b7eb41cc-a703-43ff-873c-fdbc4eff51e1,530,2026-09-30T19:55:26.972460+00:00,market.trade/v1,RELL,93.56,1500
d5adf00e-dd2c-49f0-a4bf-063f5e3c377f,531,2026-09-30T19:55:27.490809+00:00,market.trade/v1,RBN,238.18,5000
b5541a80-97e8-4e56-b693-04eb61851a3c,532,2026-09-30T19:55:28.006178+00:00,market.trade/v1,UIM,46.10,1500
320d70c8-e16a-4b26-9913-b3dcebf57b71,533,2026-09-30T19:55:28.523860+00:00,market.trade/v1,RELL,93.46,2000
382ed5e0-49df-4682-93dc-75a50ee1eb07,534,2026-09-30T19:55:29.040983+00:00,market.trade/v1,RBN,238.19,500
5d1a248f-1ee6-4f05-b42b-ad92b1f6d063,535,2026-09-30T19:55:29.546565+00:00,market.trade/v1,CYDE,186.57,300
1501dd45-092f-45a3-acbb-fa4ff8fb36ac,536,2026-09-30T19:55:30.061796+00:00,market.trade/v1,RELL,93.36,500
a4c61eab-d74c-4e38-800b-f8e5ca68cfc4,537,2026-09-30T19:55:30.581925+00:00,market.trade/v1,RELL,93.49,1500
145e0ccd-f7af-428d-87bd-1d76dc422b4a,538,2026-09-30T19:55:31.099621+00:00,market.trade/v1,CYDE,186.52,2000
d7f9b2f4-ae14-479f-8df3-83e0c92e1f4e,539,2026-09-30T19:55:31.619865+00:00,market.trade/v1,IKOR,328.69,500
e52b5aa1-876b-4324-83a7-58da8069de67,540,2026-09-30T19:55:32.124665+00:00,market.trade/v1,IKOR,328.96,2000
2b99e485-9527-4e1b-a7be-04d3eb279cdf,541,2026-09-30T19:55:32.644309+00:00,market.trade/v1,CYDE,186.68,300
149c7b91-fbb7-4493-bba4-d82c9c981c0d,542,2026-09-30T19:55:33.162149+00:00,market.trade/v1,UIM,46.11,100
13239f33-5414-40a9-be9a-9dea79c7ba41,543,2026-09-30T19:55:33.678858+00:00,market.trade/v1,IKOR,329.44,2000
76b77d92-68cf-4790-aedc-14aafcd6532e,544,2026-09-30T19:55:34.198737+00:00,market.trade/v1,IKOR,329.92,1500
8148f24c-9ae0-4515-bbd2-85f8059a55af,545,2026-09-30T19:55:34.718328+00:00,market.trade/v1,IKOR,330.11,1000
691ee416-7ef7-47e3-ad6d-adbef1be6498,546,2026-09-30T19:55:35.238555+00:00,market.trade/v1,RBN,238.21,700
ab9be7a5-9fb2-478a-88d2-6851c4674f35,547,2026-09-30T19:55:35.759679+00:00,market.trade/v1,IKOR,330.44,300
9ece5fc5-fa89-45e9-9273-3fa291ae6b03,548,2026-09-30T19:55:36.276682+00:00,market.trade/v1,RBN,238.43,700
9d1dc057-7589-4e20-96ac-70206d77d99f,549,2026-09-30T19:55:36.782734+00:00,market.trade/v1,RBN,238.78,1500
75a6f4cd-1da3-4448-8f50-095a1a93ab6c,550,2026-09-30T19:55:37.301707+00:00,market.trade/v1,RBN,238.43,2000
b9cad79d-bace-4ba3-8c0a-7d03b6879d1c,551,2026-09-30T19:55:37.821262+00:00,market.trade/v1,RBN,238.54,300
c6f0ec7b-0eaf-4d37-b490-e6d302e55e48,552,2026-09-30T19:55:38.339652+00:00,market.trade/v1,RELL,93.44,300
d7bc6999-720d-4db5-b4c3-f97c0a636d30,553,2026-09-30T19:55:38.855482+00:00,market.trade/v1,CYDE,186.65,2000
13844cf2-005d-4a20-bb39-a72494aa624d,554,2026-09-30T19:55:39.370796+00:00,market.trade/v1,RBN,238.82,1000
f4fa967b-5567-4030-be67-b0597b878828,555,2026-09-30T19:55:39.874996+00:00,market.trade/v1,RBN,238.58,200
b205db8d-b08c-4092-97b3-203ae8c652e0,556,2026-09-30T19:55:40.390667+00:00,market.trade/v1,RBN,238.88,700
2c1f83ab-365c-4c4b-87e5-dcad1e71ee73,557,2026-09-30T19:55:40.908367+00:00,market.trade/v1,RELL,93.42,200
e7d57d44-da8b-4bf9-b773-70ed82be7f38,558,2026-09-30T19:55:41.424104+00:00,market.trade/v1,UIM,46.15,1000
d6087514-ef6b-430c-b237-3982c98d68d3,559,2026-09-30T19:55:41.943242+00:00,market.trade/v1,RELL,93.39,700
23a0f79c-f9fb-48c1-9404-0b7edd5772ac,560,2026-09-30T19:55:42.460444+00:00,market.trade/v1,RELL,93.40,300
ad045e7f-0556-43a9-ab20-3378143b6ae7,561,2026-09-30T19:55:42.978737+00:00,market.trade/v1,RBN,238.80,2000
99729dc8-cade-45af-a3d6-43dfd961925a,562,2026-09-30T19:55:43.496050+00:00,market.trade/v1,RBN,238.69,100
f3fffb53-a427-4bc4-9029-499cb2f993c4,563,2026-09-30T19:55:44.014611+00:00,market.trade/v1,RBN,238.91,5000
0633b0eb-4f19-417c-be41-fb27b76c876f,564,2026-09-30T19:55:44.532431+00:00,market.trade/v1,CYDE,186.55,1500
34054701-9d16-4e80-9855-f23a70d842f1,565,2026-09-30T19:55:45.048983+00:00,market.trade/v1,RBN,238.91,2000
c3cda9b9-e69e-4c91-a83b-6d2d92e513c6,566,2026-09-30T19:55:45.563836+00:00,market.trade/v1,RBN,238.88,2000
ad2a621d-1451-4ca5-92e3-190792f3d838,567,2026-09-30T19:55:46.079727+00:00,market.trade/v1,RELL,93.41,500
e0697299-6116-4b0a-996d-c7607b9df633,568,2026-09-30T19:55:46.595028+00:00,market.trade/v1,CYDE,186.81,5000
2d75f63c-09ae-4c1c-b9e8-d02d3abbbed2,569,2026-09-30T19:55:47.110673+00:00,market.trade/v1,RELL,93.32,500
f8748808-5753-4ff2-921d-570c0f3938a7,570,2026-09-30T19:55:47.630082+00:00,market.trade/v1,UIM,46.10,1500
353ebbc3-5d4a-4951-9400-5d5cfb94878a,571,2026-09-30T19:55:48.150412+00:00,market.trade/v1,CYDE,186.68,1500
1035637f-a3c3-4c27-885d-8a25efed92b9,572,2026-09-30T19:55:48.668813+00:00,market.trade/v1,IKOR,330.33,700
cca97ad7-f03e-4276-9470-acc1f8d58c5d,573,2026-09-30T19:55:49.183968+00:00,market.trade/v1,IKOR,330.24,2000
5146109e-71e5-4023-b1fe-56ca4338dff0,574,2026-09-30T19:55:49.688152+00:00,market.trade/v1,UIM,46.16,700
b326d3b9-d36e-4fc4-a0a8-75cce4f47808,575,2026-09-30T19:55:50.202724+00:00,market.trade/v1,CYDE,186.84,200
979499f6-1985-4f8a-a086-9636305c003a,576,2026-09-30T19:55:50.718578+00:00,market.trade/v1,CYDE,186.83,100
55794355-3296-44e0-90d1-43c2d890ccf0,577,2026-09-30T19:55:51.235717+00:00,market.trade/v1,RBN,238.99,200
969c1a52-9c7d-4706-82a5-530fe77ce27f,578,2026-09-30T19:55:51.752741+00:00,market.trade/v1,RBN,238.75,5000
1ba1975e-a9b0-4e2d-b307-d76caf32ea7a,579,2026-09-30T19:55:52.258454+00:00,market.trade/v1,RBN,238.47,2000
55cb125d-0e4f-4489-ab46-8b470d5bcb0b,580,2026-09-30T19:55:52.764174+00:00,market.trade/v1,RBN,238.59,1500
360b16d8-3241-4a9a-8e36-d789afac1391,581,2026-09-30T19:55:53.282182+00:00,market.trade/v1,RBN,238.76,1000
0e333bd9-79f2-417a-b10c-b419aa3cf5f7,582,2026-09-30T19:55:53.799571+00:00,market.trade/v1,CYDE,186.71,1500
99c27c5d-0d56-4306-ab04-6491b0b13b0c,583,2026-09-30T19:55:54.318795+00:00,market.trade/v1,RBN,238.99,100
409df939-0b07-4ed2-a5c2-835063cdd639,584,2026-09-30T19:55:54.835924+00:00,market.trade/v1,IKOR,330.43,100
c7583514-9aa0-437f-97b6-da211c578346,585,2026-09-30T19:55:55.352671+00:00,market.trade/v1,CYDE,186.94,700
c2c96e14-93cd-43f3-8897-d1fde1b305e0,586,2026-09-30T19:55:55.858979+00:00,market.trade/v1,UIM,46.11,500
28910795-3c59-493f-8e48-7e075f2ba6c9,587,2026-09-30T19:55:56.374403+00:00,market.trade/v1,RELL,93.35,1500
44430939-67f9-442a-aa51-3a314ce5e502,588,2026-09-30T19:55:56.894731+00:00,market.trade/v1,UIM,46.14,1500
061c7d07-0a64-46cd-8497-5748f7171886,589,2026-09-30T19:55:57.410155+00:00,market.trade/v1,RBN,238.75,300
d9981526-5735-45ea-a62a-6c020dfad93a,590,2026-09-30T19:55:57.915591+00:00,market.trade/v1,RBN,238.94,1500
4f2f94e2-43ac-476a-b084-f3fef3dadb7e,591,2026-09-30T19:55:58.419877+00:00,market.trade/v1,IKOR,330.44,500
bf274e13-ddf3-4426-9a66-a716f98a9567,592,2026-09-30T19:55:58.935394+00:00,market.trade/v1,CYDE,187.01,5000
39a386d5-3dd5-4a3a-8270-d141a66c0a7f,593,2026-09-30T19:55:59.450718+00:00,market.trade/v1,CYDE,187.10,100
efaf10f7-c8cc-4f13-97fc-4533972a76f8,594,2026-09-30T19:55:59.967603+00:00,market.trade/v1,IKOR,330.19,100
ef43e6de-2a7f-4763-93ab-4c376f6dfe9a,595,2026-09-30T19:56:00.485928+00:00,market.trade/v1,RBN,238.72,300
1bbc79f7-832a-49e3-ae0e-f7e569a729ad,596,2026-09-30T19:56:01.003585+00:00,market.trade/v1,IKOR,330.29,200
2d7c1b83-85b6-4075-ad18-0a5a6a7fb891,597,2026-09-30T19:56:01.509809+00:00,market.trade/v1,CYDE,186.96,500
8a8fbb2d-85bb-46ab-8645-3e1948aea630,598,2026-09-30T19:56:02.013945+00:00,market.trade/v1,IKOR,330.72,500
177063b7-fe00-4a3e-80c5-86c31b1ebbcd,599,2026-09-30T19:56:02.531320+00:00,market.trade/v1,UIM,46.19,2000
dc3049c0-6636-4ad8-bab5-f8bf3560d4c7,600,2026-09-30T19:56:03.048613+00:00,market.trade/v1,IKOR,330.74,1000
9daa9a3d-5727-4baa-b39a-f34413922e49,601,2026-09-30T19:56:03.568377+00:00,market.trade/v1,CYDE,186.91,5000
9ae550ab-b1b2-40d6-a1ae-eb0613bce519,602,2026-09-30T19:56:04.088478+00:00,market.trade/v1,UIM,46.21,1500
2a542372-e3e7-498e-89de-6dacbdc1763e,603,2026-09-30T19:56:04.604562+00:00,market.trade/v1,RBN,238.73,1500
4ed2afd1-a1a1-429a-81aa-92d719f9d03b,604,2026-09-30T19:56:05.120078+00:00,market.trade/v1,RELL,93.32,5000
51903a78-0484-48b0-a91c-2fb75ea96435,605,2026-09-30T19:56:05.625764+00:00,market.trade/v1,RBN,238.98,200
ab48366e-e9be-4aa2-b052-2543b1ce009a,606,2026-09-30T19:56:06.142345+00:00,market.trade/v1,RBN,238.69,700
5370954c-b618-4bde-975e-6732c7c968d7,607,2026-09-30T19:56:06.647367+00:00,market.trade/v1,RELL,93.44,500
822f4403-4482-4969-989f-e0543859c100,608,2026-09-30T19:56:07.163892+00:00,market.trade/v1,CYDE,186.70,500
25c4ac88-f83d-415e-aa97-8e1c07aa9f53,609,2026-09-30T19:56:07.680325+00:00,market.trade/v1,RBN,238.78,1000
9922fe47-1dc9-409d-a267-e1b0a8800553,610,2026-09-30T19:56:08.199180+00:00,market.trade/v1,RBN,238.64,700
1e85acb9-435e-4ed6-bde8-3392de4e3ab6,611,2026-09-30T19:56:08.717600+00:00,market.trade/v1,CYDE,186.89,700
8952aecd-7733-419d-892a-9b5e3951e5e5,612,2026-09-30T19:56:09.238365+00:00,market.trade/v1,RELL,93.48,100
e677761d-3897-4a67-89da-139663c2b19f,613,2026-09-30T19:56:09.755930+00:00,market.trade/v1,RBN,238.37,1500
552dc00c-aee0-4ead-b16d-65f78e299a9a,614,2026-09-30T19:56:10.274392+00:00,market.trade/v1,UIM,46.14,1500
93f57fea-06eb-46be-bb63-f9cac1350c9e,615,2026-09-30T19:56:10.791967+00:00,market.trade/v1,CYDE,186.68,5000
28ee9679-1da5-461e-b8f2-d42971982913,616,2026-09-30T19:56:11.307305+00:00,market.trade/v1,UIM,46.15,100
ca0655f6-678a-451d-9837-6af70db588b2,617,2026-09-30T19:56:11.824470+00:00,market.trade/v1,UIM,46.20,1500
8c144d4f-ed62-47cc-98b6-62f47870a864,618,2026-09-30T19:56:12.342930+00:00,market.trade/v1,UIM,46.20,1000
4ae8b013-d409-4d65-a701-acb4a98b8ae3,619,2026-09-30T19:56:12.859461+00:00,market.trade/v1,IKOR,330.61,300
50d9df58-0b7d-43cd-b3b4-80a19ce4dfe5,620,2026-09-30T19:56:13.372664+00:00,market.trade/v1,IKOR,330.50,100
608ac8a2-94f7-4be5-b330-c40d38dee379,621,2026-09-30T19:56:13.885060+00:00,market.trade/v1,CYDE,186.71,1000
102f91e2-de09-46aa-a752-d8223332049b,622,2026-09-30T19:56:14.388481+00:00,market.trade/v1,IKOR,330.41,2000
9eeb7ab9-5917-45f6-b784-a89f40ef70b3,623,2026-09-30T19:56:14.901669+00:00,market.trade/v1,IKOR,330.63,100
64ce0245-17d9-4f56-9e23-3171f14b2a1e,624,2026-09-30T19:56:15.419854+00:00,market.trade/v1,CYDE,186.62,1500
e38e2af9-d805-494d-99b7-73bfab2432e1,625,2026-09-30T19:56:15.938531+00:00,market.trade/v1,IKOR,330.62,2000
97a39d93-992f-4557-be50-9cf009021a54,626,2026-09-30T19:56:16.458450+00:00,market.trade/v1,CYDE,186.49,1500
b7ada5b0-1475-4264-b55e-da4e64d6ba0c,627,2026-09-30T19:56:16.974324+00:00,market.trade/v1,CYDE,186.53,2000
fba6e7f2-6757-4254-9b24-d63e6b0b0200,628,2026-09-30T19:56:17.477130+00:00,market.trade/v1,CYDE,186.66,1500
d749355a-e93e-4710-8a1e-23298f362117,629,2026-09-30T19:56:17.982996+00:00,market.trade/v1,IKOR,330.70,300
74443155-d9ec-417a-b6a5-7af96cf7fe47,630,2026-09-30T19:56:18.487086+00:00,market.trade/v1,RBN,238.50,2000
